,timesteps,path_angle,change_distance,distance_to_target,reward,speed,angular_speed
0,1,,0.0,,0.0,,
1,2,-0.0009270943449339875,0.0,10.038164201087458,0.10275282989333094,0.0,0.0
2,3,-0.0009270943449339875,0.0,10.038164201087458,0.10273128493439633,0.0,0.0
3,4,-0.0009270943449339875,0.0,10.038164201087458,0.10273128493439633,0.0,0.0
4,5,-0.0009270943449339875,0.0,10.038164201087458,0.10267037748704674,0.0,0.0
5,6,-0.0009270943449339875,0.0,10.038164201087458,0.10267037748704674,0.0,0.0
6,7,-0.0009270943449339875,0.0,10.038164201087458,0.10275921152743628,0.0,0.0
7,8,-0.0009270943449339875,0.0,10.038164201087458,0.10275921152743628,0.0,0.0
8,9,-0.0009270943449339875,0.0,10.038164201087458,0.10259127239757887,0.0,0.0
9,10,-0.0009270943449339875,0.0,10.038164201087458,0.10259127239757887,-0.0,0.0
10,11,-0.0009270943449339875,0.0,10.038164201087458,0.10267464358484049,-0.0,0.0
11,12,-0.0009270943449339875,0.0,10.038164201087458,0.10255869515107924,-0.0,0.0
12,13,-0.0009270943449339875,0.0,10.038164201087458,0.10266456552008377,-0.0,0.0
13,14,-0.0009270943449339875,0.0,10.038164201087458,0.10271602438650171,-0.0,0.0
14,15,-0.0009270943449339875,0.0,10.038164201087458,0.10272980177865809,-0.0,0.0
15,16,-0.0009270943449339875,0.0,10.038164201087458,0.1027539293963976,0.0,-0.0
16,17,-0.0009270943449339875,0.0,10.038164201087458,0.10273469636050545,0.0,-0.0
17,18,-0.0009270943449339875,0.0,10.038164201087458,0.10273469636050545,-0.0,0.0
18,19,-0.0009270943449339875,0.0,10.038164201087458,0.10266652577464574,-0.0,0.0
19,20,-0.0009270943449339875,0.0,10.038164201087458,0.10266652577464574,-0.0,0.0
20,21,-0.0009270943449339875,0.0,10.038164201087458,0.10269093903239382,-0.0,0.0
21,22,-0.0009270943449339875,0.0,10.038164201087458,0.10278676503588051,-0.0,0.0
22,23,-0.0009270943449339875,0.0,10.038164201087458,0.10264136112291994,-0.0,0.0
23,24,-0.0009270943449339875,0.0,10.038164201087458,0.1028319355139358,-0.0,0.0
24,25,-0.0009270943449339875,0.0,10.038164201087458,0.10275148424079579,-0.0,0.0
25,26,-0.0009270943449339875,0.0,10.038164201087458,0.10281903259067801,-0.0,0.0
26,27,-0.0009270943449339875,0.0,10.038164201087458,0.1027578348329997,-0.0,0.0
27,28,-0.0009270943449339875,0.0,10.038164201087458,0.1027578348329997,-0.0,0.0
28,29,-0.0009270943449339875,0.0,10.038164201087458,0.10268056860165381,-0.0,0.0
29,30,-0.0009270943449339875,0.0,10.038164201087458,0.10268056860165381,-0.0,0.0
30,31,-0.0009270943449339875,0.0,10.038164201087458,0.10267948666235138,-0.0,0.0
31,32,-0.0009270943449339875,0.0,10.038164201087458,0.10270276885236117,-0.0,0.0
32,33,-0.0009270943449339875,0.0,10.038164201087458,0.10249004843280832,-0.0,0.0
33,34,-0.0009270943449339875,0.0,10.038164201087458,0.10280284690234431,-0.0,0.0
34,35,-0.0009270943449339875,0.0,10.038164201087458,0.10275805992545486,-0.0,0.0
35,36,-0.0009270943449339875,0.0,10.038164201087458,0.10277317281432824,-0.0,0.0
36,37,-0.0009270943449339875,0.0,10.038164201087458,0.10276844323534823,-0.0,0.0
37,38,-0.0009270943449339875,0.0,10.038164201087458,0.10262030326705512,-0.0,0.0
38,39,-0.0009270943449339875,0.0,10.038164201087458,0.10262030326705512,-0.0,-0.0
39,40,-0.0009270943449339875,0.0,10.038164201087458,0.10275266758136498,-0.0,-0.0
40,41,-0.0009270943449339875,0.0,10.038164201087458,0.10275266758136498,-0.0,-0.0
41,42,-0.0009270943449339875,0.0,10.038164201087458,0.10285357576942775,-0.0,-0.0
42,43,-0.0009270943449339875,0.0,10.038164201087458,0.10286798106730682,-0.0,-0.0
43,44,-0.0009270943449339875,0.0,10.038164201087458,0.1028537113164878,-0.0,-0.0
44,45,-0.0009270943449339875,0.0,10.038164201087458,0.10282058841743327,-0.0,-0.0
45,46,-0.0009270943449339875,0.0,10.038164201087458,0.10273034683619564,-0.0,-0.0
46,47,-0.0009270943449339875,0.0,10.038164201087458,0.10282187267969312,-0.0,-0.0
47,48,-0.0009270943449339875,0.0,10.038164201087458,0.1027843599074961,-0.0,-0.0
48,49,-0.0009270943449339875,0.0,10.038164201087458,0.1027843599074961,-0.0,-0.0
49,50,-0.0009270943449339875,0.0,10.038164201087458,0.10271673232653526,-0.0,-0.0
50,51,-0.0009270943449339875,0.0,10.038164201087458,0.10271673232653526,-0.0,-0.0
51,52,-0.0009270943449339875,0.0,10.038164201087458,0.10278358080206718,-0.0,-0.0
52,53,-0.0009270943449339875,0.0,10.038164201087458,0.10286907517362467,-0.0,-0.0
53,54,-0.0009270943449339875,0.0,10.038164201087458,0.10271850994840404,-0.0,-0.0
54,55,-0.0009270943449339875,0.0,10.038164201087458,0.10285456107438182,-0.0,-0.0
55,56,-0.0009270943449339875,0.0,10.038164201087458,0.10284828882107784,-0.0,-0.0
56,57,-0.0009270943449339875,0.0,10.038164201087458,0.10282233207346426,-0.0,-0.0
57,58,-0.0009270943449339875,0.0,10.038164201087458,0.102783606946965,-0.0,-0.0
58,59,-0.0009270943449339875,0.0,10.038164201087458,0.102783606946965,-0.0,-0.0
59,60,-0.0009270943449339875,0.0,10.038164201087458,0.10291029605539012,-0.0,-0.0
60,61,-0.0009270943449339875,0.0,10.038164201087458,0.10291029605539012,-0.0,-0.0
61,62,-0.0009270943449339875,0.0,10.038164201087458,0.10279270359903833,-0.0,-0.0
62,63,-0.0009270943449339875,0.0,10.038164201087458,0.10279762686394892,-0.0,-0.0
63,64,-0.0009270943449339875,0.0,10.038164201087458,0.10283874426075551,-0.0,-0.0
64,65,-0.0009270943449339875,0.0,10.038164201087458,0.10282955589828177,-0.0,-0.0
65,66,-0.0009270943449339875,0.0,10.038164201087458,0.1028321651131672,-0.0,-0.0
66,67,-0.0009270943449339875,0.0,10.038164201087458,0.102843370990407,-0.0,-0.0
67,68,-0.0009270943449339875,0.0,10.038164201087458,0.10282329781504693,-0.0,-0.0
68,69,-0.0009270943449339875,0.0,10.038164201087458,0.10282329781504693,-0.0,0.0
69,70,-0.0009270943449339875,0.0,10.038164201087458,0.10283389747107816,-0.0,0.0
70,71,-0.0009270943449339875,0.0,10.038164201087458,0.10283389747107816,-0.0,0.0
71,72,-0.0009270943449339875,0.0,10.038164201087458,0.10287499808863358,-0.0,0.0
72,73,-0.0009270943449339875,0.0,10.038164201087458,0.10287115904398283,-0.0,0.0
73,74,-0.0009270943449339875,0.0,10.038164201087458,0.10289422549130697,-0.0,0.0
74,75,-0.0009270943449339875,0.0,10.038164201087458,0.10281025432776736,-0.0,0.0
75,76,-0.0009270943449339875,0.0,10.038164201087458,0.10290146355608668,-0.0,-0.0
76,77,-0.0009270943449339875,0.0,10.038164201087458,0.10285335680713228,-0.01,-0.01
77,78,-0.0009270943449339875,0.0,10.038164201087458,0.10283929200481504,-0.01,-0.01
78,79,-0.0009270943449339875,0.0,10.038164201087458,0.10283929200481504,-0.0,0.0
79,80,-0.0009270943449339875,0.0,10.038164201087458,0.10285813180524908,-0.0,0.0
80,81,-0.0009270943449339875,0.0,10.038164201087458,0.10285813180524908,-0.0,0.0
81,82,-0.0009270943449339875,0.0,10.038164201087458,0.10293933443450755,-0.0,0.0
82,83,-0.0009270943449339875,0.0,10.038164201087458,0.10270473641140845,-0.0,0.0
83,84,-0.0009270943449339875,0.0,10.038164201087458,0.10285374259646697,-0.0,0.0
84,85,-0.0009270943449339875,0.0,10.038164201087458,0.10287862819251051,-0.0,0.0
85,86,-0.0009270943449339875,0.0,10.038164201087458,0.10284233827103373,-0.0,0.0
86,87,-0.0009270943449339875,0.0,10.038164201087458,0.10272260478273593,-0.0,0.0
87,88,-0.0009270943449339875,0.0,10.038164201087458,0.10284753270018965,-0.0,0.0
88,89,-0.0009270943449339875,0.0,10.038164201087458,0.10276851648832139,-0.0,0.0
89,90,-0.0009270943449339875,0.0,10.038164201087458,0.10276851648832139,-0.0,0.0
90,91,-0.0009270943449339875,0.0,10.038164201087458,0.10291496063886307,-0.0,0.0
91,92,-0.0009270943449339875,0.0,10.038164201087458,0.10291496063886307,-0.0,0.0
92,93,-0.0009270943449339875,0.0,10.038164201087458,0.10283162763870209,-0.0,0.0
93,94,-0.0009270943449339875,0.0,10.038164201087458,0.10286047724407171,-0.0,0.0
94,95,-0.0009270943449339875,0.0,10.038164201087458,0.1028642815666175,-0.0,0.0
95,96,-0.0009270943449339875,0.0,10.038164201087458,0.1028391094248872,-0.0,0.0
96,97,-0.0009270943449339875,0.0,10.038164201087458,0.10288390828379701,-0.0,0.0
97,98,-0.0009270943449339875,0.0,10.038164201087458,0.10272295079230559,-0.0,0.0
98,99,-0.0009270943449339875,0.0,10.038164201087458,0.1028640366494292,-0.0,0.0
99,100,-0.0009270943449339875,0.0,10.038164201087458,0.1028640366494292,-0.0,0.0
100,101,-0.0009270943449339875,0.0,10.038164201087458,0.1029786737333907,-0.0,0.0
101,102,-0.0009270943449339875,0.0,10.038164201087458,0.1029786737333907,-0.0,-0.0
102,103,-0.0009270943449339875,0.0,10.038164201087458,0.10278660295890493,-0.0,-0.0
103,104,-0.0009270943449339875,0.0,10.038164201087458,0.10278660295890493,-0.0,-0.0
104,105,-0.0009270943449339875,0.0,10.038164201087458,0.10284773085837276,-0.0,-0.0
105,106,-0.0009270943449339875,0.0,10.038164201087458,0.10284773085837276,-0.0,-0.0
106,107,-0.0009270943449339875,0.0,10.038164201087458,0.10294894702775217,-0.0,-0.0
107,108,-0.0009270943449339875,0.0,10.038164201087458,0.10277435505986077,-0.0,-0.0
108,109,-0.0009270943449339875,0.0,10.038164201087458,0.10287437825844246,-0.0,-0.0
109,110,-0.0009270943449339875,0.0,10.038164201087458,0.10289793586507634,-0.0,-0.0
110,111,-0.0009270943449339875,0.0,10.038164201087458,0.10277745163253013,-0.0,-0.0
111,112,-0.0009270943449339875,0.0,10.038164201087458,0.102902483261301,-0.0,0.0
112,113,-0.0009270943449339875,0.0,10.038164201087458,0.10283793044589337,-0.0,0.0
113,114,-0.0009270943449339875,0.0,10.038164201087458,0.10291447186334084,-0.0,0.0
114,115,-0.0009270943449339875,0.0,10.038164201087458,0.10293413959746167,-0.0,0.0
115,116,-0.0009270943449339875,0.0,10.038164201087458,0.10286138408400164,-0.0,0.0
116,117,-0.0009270943449339875,0.0,10.038164201087458,0.10280370373435392,-0.0,0.0
117,118,-0.0009270943449339875,0.0,10.038164201087458,0.10280370373435392,-0.0,-0.0
118,119,-0.0009270943449339875,0.0,10.038164201087458,0.10300348872987725,-0.0,-0.0
119,120,-0.0009270943449339875,0.0,10.038164201087458,0.10300348872987725,-0.0,-0.0
120,121,-0.0009270943449339875,0.0,10.038164201087458,0.10301715989280462,-0.0,-0.0
121,122,-0.0009270943449339875,0.0,10.038164201087458,0.10292013375251002,-0.0,-0.0
122,123,-0.0009270943449339875,0.0,10.038164201087458,0.10288656870612123,-0.0,-0.0
123,124,-0.0009270943449339875,0.0,10.038164201087458,0.10284224438519296,-0.0,-0.0
124,125,-0.0009270943449339875,0.0,10.038164201087458,0.10278585529897688,-0.0,-0.0
125,126,-0.0009270943449339875,0.0,10.038164201087458,0.10273790820195104,0.0,-0.0
126,127,-0.0009270943449339875,0.0,10.038164201087458,0.10285450894288492,0.0,-0.0
127,128,-0.0009270943449339875,0.0,10.038164201087458,0.1028791177186063,0.0,-0.0
128,129,-0.0009270943449339875,0.0,10.038164201087458,0.10482914883451636,0.0,-0.01
129,130,-0.0009270943449339875,0.0,10.038164201087458,0.104904558952222,0.0,-0.01
130,131,-0.0009270943449339875,0.0,10.038164201087458,0.10491431066916984,0.0,-0.01
131,132,-0.0009270943449339875,0.0,10.038164201087458,0.10291431066916984,-0.0,-0.0
132,133,-0.0009270943449339875,0.0,10.038164201087458,0.10289678586834958,-0.0,-0.0
133,134,-0.0009270943449339875,0.0,10.038164201087458,0.10289678586834958,-0.0,-0.0
134,135,-0.0009270943449339875,0.0,10.038164201087458,0.10279138114448358,-0.0,-0.0
135,136,-0.0009270943449339875,0.0,10.038164201087458,0.10301028906460058,-0.0,-0.0
136,137,-0.0009270943449339875,0.0,10.038164201087458,0.10279742305505488,-0.0,-0.0
137,138,-0.0009270943449339875,0.0,10.038164201087458,0.10278183948615476,-0.0,-0.0
138,139,-0.0009270943449339875,0.0,10.038164201087458,0.10283379311579943,-0.0,-0.0
139,140,-0.0009270943449339875,0.0,10.038164201087458,0.10286769450718872,0.0,-0.0
140,141,-0.0009270943449339875,0.0,10.038164201087458,0.10285748546519534,0.0,-0.0
141,142,-0.0009270943449339875,0.0,10.038164201087458,0.10491170540905262,0.0,-0.01
142,143,-0.0009270943449339875,0.0,10.038164201087458,0.1068725342966455,0.01,-0.01
143,144,-0.0009270943449339875,0.0,10.038164201087458,0.10680363581588803,0.01,-0.01
144,145,-0.0009270943449339875,0.0,10.038164201087458,0.10280363581588803,-0.0,-0.0
145,146,-0.0009270943449339875,0.0,10.038164201087458,0.1028694138152009,-0.0,-0.0
146,147,-0.0009270943449339875,0.0,10.038164201087458,0.1028694138152009,-0.0,-0.0
147,148,-0.0009270943449339875,0.0,10.038164201087458,0.10296162792941366,-0.0,-0.0
148,149,-0.0009270943449339875,0.0,10.038164201087458,0.10297206127455713,-0.0,-0.0
149,150,-0.0009270943449339875,0.0,10.038164201087458,0.10287499288004501,-0.0,-0.0
150,151,-0.0009270943449339875,0.0,10.038164201087458,0.10288624593130134,-0.0,-0.0
151,152,-0.0009270943449339875,0.0,10.038164201087458,0.10296144630326534,-0.0,-0.0
152,153,-0.0009270943449339875,0.0,10.038164201087458,0.10291580817216531,-0.0,0.0
153,154,-0.0009270943449339875,0.0,10.038164201087458,0.10088947347885464,-0.01,0.0
154,155,-0.0009270943449339875,0.0,10.038164201087458,0.10083950066584443,-0.01,0.0
155,156,-0.0009270943449339875,0.0,10.038164201087458,0.10083712703677938,-0.01,0.0
156,157,-0.0009270943449339875,0.0,10.038164201087458,0.10283712703677939,-0.0,-0.0
157,158,-0.0009270943449339875,0.0,10.038164201087458,0.10298795912729262,-0.0,-0.0
158,159,-0.0009270943449339875,0.0,10.038164201087458,0.10285563495735774,-0.0,-0.0
159,160,-0.0009270943449339875,0.0,10.038164201087458,0.10292121502239221,-0.0,-0.0
160,161,-0.0009270943449339875,0.0,10.038164201087458,0.10294446060504243,-0.0,-0.0
161,162,-0.0009270943449339875,0.0,10.038164201087458,0.10286019580383718,-0.0,-0.0
162,163,-0.0009270943449339875,0.0,10.038164201087458,0.10285424828365686,0.0,0.0
163,164,-0.0009270943449339875,0.0,10.038164201087458,0.10295956768700279,0.0,0.0
164,165,-0.0009270943449339875,0.0,10.038164201087458,0.10293752676238949,0.0,0.0
165,166,-0.0009270943449339875,0.0,10.038164201087458,0.10291637491040007,0.0,0.0
166,167,-0.0009270943449339875,0.0,10.038164201087458,0.10285226717855134,0.0,0.0
167,168,-0.0009270943449339875,0.0,10.038164201087458,0.10285226717855134,-0.0,-0.0
168,169,-0.0009270943449339875,0.0,10.038164201087458,0.1028785136210923,-0.0,-0.0
169,170,-0.0009270943449339875,0.0,10.038164201087458,0.1028785136210923,-0.0,-0.0
170,171,-0.0009270943449339875,0.0,10.038164201087458,0.10288621990087962,-0.0,-0.0
171,172,-0.0009270943449339875,0.0,10.038164201087458,0.10282466022592272,-0.0,-0.0
172,173,-0.0009270943449339875,0.0,10.038164201087458,0.10292668818281267,-0.0,-0.0
173,174,-0.0009270943449339875,0.0,10.038164201087458,0.10296973739283147,-0.0,-0.0
174,175,-0.0009270943449339875,0.0,10.038164201087458,0.10291731077828878,-0.0,-0.0
175,176,-0.0009270943449339875,0.0,10.038164201087458,0.10277157721135668,0.0,-0.0
176,177,-0.0009270943449339875,0.0,10.038164201087458,0.10689768089331134,0.01,-0.01
177,178,-0.0009270943449339875,0.0,10.038164201087458,0.10699089795383795,0.01,-0.01
178,179,-0.0009270943449339875,0.0,10.038164201087458,0.11099089795383796,0.02,-0.02
179,180,-0.0009270943449339875,0.0,10.038164201087458,0.11088766714830876,0.02,-0.02
180,181,-0.0009270943449339875,0.0,10.038164201087458,0.10297075411957904,-0.0,-0.0
181,182,-0.0009270943449339875,0.0,10.038164201087458,0.10297075411957904,-0.0,-0.0
182,183,-0.0009270943449339875,0.0,10.038164201087458,0.10274066385211433,-0.0,-0.0
183,184,-0.0009270943449339875,0.0,10.038164201087458,0.10274066385211433,-0.0,-0.0
184,185,-0.0009270943449339875,0.0,10.038164201087458,0.1027737796380738,-0.0,-0.0
185,186,-0.0009270943449339875,0.0,10.038164201087458,0.10280663971346518,-0.0,-0.0
186,187,-0.0009270943449339875,0.0,10.038164201087458,0.10274049621725329,-0.0,-0.0
187,188,-0.0009270943449339875,0.0,10.038164201087458,0.10289458458549419,-0.0,-0.0
188,189,-0.0009270943449339875,0.0,10.038164201087458,0.10290604147565818,-0.0,-0.0
189,190,-0.0009270943449339875,0.0,10.038164201087458,0.1029312559638992,0.0,-0.0
190,191,-0.0009270943449339875,0.0,10.038164201087458,0.10290542246854412,0.0,-0.0
191,192,-0.0009270943449339875,0.0,10.038164201087458,0.10484806980926692,0.01,-0.0
192,193,-0.0009270943449339875,0.0,10.038164201087458,0.10487924270234911,0.01,-0.0
193,194,-0.0009270943449339875,0.0,10.038164201087458,0.10492133458281405,0.01,-0.0
194,195,-0.0009270943449339875,0.0,10.038164201087458,0.10494663122744441,0.01,-0.0
195,196,-0.0009270943449339875,0.0,10.038164201087458,0.10294663122744441,-0.0,-0.0
196,197,-0.0009270943449339875,0.0,10.038164201087458,0.10295500025405246,-0.0,-0.0
197,198,-0.0009270943449339875,0.0,10.038164201087458,0.10295500025405246,-0.0,-0.0
198,199,-0.0009270943449339875,0.0,10.038164201087458,0.10289772772506865,-0.0,-0.0
199,200,-0.0009270943449339875,0.0,10.038164201087458,0.10291022324514122,-0.0,-0.0
200,201,-0.0009270943449339875,0.0,10.038164201087458,0.1028574177027032,-0.0,-0.0
201,202,-0.0009270943449339875,0.0,10.038164201087458,0.10283081879462885,-0.0,-0.0
202,203,-0.0009270943449339875,0.0,10.038164201087458,0.10280772624581219,-0.0,-0.0
203,204,-0.0009270943449339875,0.0,10.038164201087458,0.10292206232869762,-0.0,-0.0
204,205,-0.0009270943449339875,0.0,10.038164201087458,0.10289610416935455,-0.0,-0.0
205,206,-0.0009270943449339875,0.0,10.038164201087458,0.10283987103458683,0.0,-0.0
206,207,-0.0009270943449339875,0.0,10.038164201087458,0.10483518100292591,0.01,-0.0
207,208,-0.0009270943449339875,0.0,10.038164201087458,0.10497179155016398,0.01,-0.0
208,209,-0.0009270943449339875,0.0,10.038164201087458,0.10297179155016398,-0.0,-0.0
209,210,-0.0009270943449339875,0.0,10.038164201087458,0.10289061863049521,-0.0,-0.0
210,211,-0.0009270943449339875,0.0,10.038164201087458,0.10289061863049521,-0.0,-0.0
211,212,-0.0009270943449339875,0.0,10.038164201087458,0.10282492643487394,-0.0,-0.0
212,213,-0.0009270943449339875,0.0,10.038164201087458,0.10270838251782052,-0.0,-0.0
213,214,-0.0009270943449339875,0.0,10.038164201087458,0.10270174565642726,-0.0,-0.0
214,215,-0.0009270943449339875,0.0,10.038164201087458,0.10286418255785038,-0.0,-0.0
215,216,-0.0009270943449339875,0.0,10.038164201087458,0.10287446680661912,0.0,-0.0
216,217,-0.0009270943449339875,0.0,10.038164201087458,0.10694629370372558,0.01,-0.01
217,218,-0.0009270943449339875,0.0,10.038164201087458,0.1069114401866319,0.01,-0.01
218,219,-0.0009270943449339875,0.0,10.038164201087458,0.10890760192498114,0.02,-0.01
219,220,-0.0009270943449339875,0.0,10.038164201087458,0.10894797088882806,0.02,-0.01
220,221,-0.0009270943449339875,0.0,10.038164201087458,0.10879373328465167,0.02,-0.01
221,222,-0.0009270943449339875,0.0,10.038164201087458,0.10279373328465166,-0.0,-0.0
222,223,-0.0009270943449339875,0.0,10.038164201087458,0.10283486795287206,-0.0,-0.0
223,224,-0.0009270943449339875,0.0,10.038164201087458,0.1028226557318413,-0.0,-0.0
224,225,-0.0009270943449339875,0.0,10.038164201087458,0.10280462322649656,-0.0,-0.0
225,226,-0.0009270943449339875,0.0,10.038164201087458,0.10277600801108235,-0.0,-0.0
226,227,-0.0009270943449339875,0.0,10.038164201087458,0.10273872026180947,-0.0,-0.0
227,228,-0.0009270943449339875,0.0,10.038164201087458,0.10275568325877918,-0.0,-0.0
228,229,-0.0009270943449339875,0.0,10.038164201087458,0.10271379554683477,-0.0,-0.0
229,230,-0.0009270943449339875,0.0,10.038164201087458,0.1027814159032445,-0.0,-0.0
230,231,-0.0009270943449339875,0.0,10.038164201087458,0.10467252639430799,-0.0,-0.01
231,232,-0.0009270943449339875,0.0,10.038164201087458,0.10477300018056246,-0.0,-0.01
232,233,-0.0009270943449339875,0.0,10.038164201087458,0.10277300018056246,-0.0,0.0
233,234,-0.0009270943449339875,0.0,10.038164201087458,0.10275557855426223,-0.0,0.0
234,235,-0.0009270943449339875,0.0,10.038164201087458,0.10275557855426223,-0.0,0.0
235,236,-0.0009270943449339875,0.0,10.038164201087458,0.10270575947688931,-0.0,0.0
236,237,-0.0009270943449339875,0.0,10.038164201087458,0.10270523483349916,-0.0,0.0
237,238,-0.0009270943449339875,0.0,10.038164201087458,0.10261290406408527,-0.0,0.0
238,239,-0.0009270943449339875,0.0,10.038164201087458,0.10270078013830972,-0.0,0.0
239,240,-0.0009270943449339875,0.0,10.038164201087458,0.10273542993566781,-0.0,0.0
240,241,-0.0009270943449339875,0.0,10.038164201087458,0.10274190012218684,0.0,0.0
241,242,-0.0009270943449339875,0.0,10.038164201087458,0.10282996295496388,0.01,0.01
242,243,-0.0009270943449339875,0.0,10.038164201087458,0.10268220717202384,0.01,0.01
243,244,-0.0009270943449339875,0.0,10.038164201087458,0.10274626321521513,0.02,0.02
244,245,-0.0009270943449339875,0.0,10.038164201087458,0.10272675656058636,0.02,0.02
245,246,-0.0009270943449339875,0.0,10.038164201087458,0.10272675656058636,-0.0,0.0
246,247,-0.0009270943449339875,0.0,10.038164201087458,0.10270564405635035,-0.0,0.0
247,248,-0.0009270943449339875,0.0,10.038164201087458,0.09470564405635035,-0.0,0.04
248,249,-0.0009270943449339875,0.0,10.038164201087458,0.09496929645163613,-0.0,0.04
249,250,-0.20812898726586138,-0.010358016715958485,10.0278061843715,-0.04543597460666437,0.0,0.95
250,251,-0.20812898726586138,0.0,10.0278061843715,-0.047990508866386214,0.0,0.95
251,252,-0.20812898726586138,0.0,10.0278061843715,-0.05799050886638622,0.0,1.0
252,253,-0.43809621241401997,0.0006415070186562843,10.028447691390156,-0.012069915801089931,0.0,1.0
253,254,-0.6377347841518279,-0.00524738963770055,10.023200301752455,0.027936104439996973,0.0,1.0
254,255,-0.6377347841518279,0.0,10.023200301752455,0.027972698087774424,0.0,1.0
255,256,-0.6377347841518279,0.0,10.023200301752455,0.19197269808777442,0.0,0.18
256,257,-0.8402002063784084,0.0014134420999134534,10.024613743852369,0.23241222504942166,0.0,0.18
257,258,-1.0439708961033514,0.003016958642687584,10.027630702495056,0.2811213441195602,0.0,0.14
258,259,-1.0439708961033514,0.0,10.027630702495056,0.28113798837636617,0.0,0.14
259,260,-0.9433899630927876,0.0,10.027630702495056,0.28902180177425346,-0.0,-0.0
260,261,-1.171898905735097,-0.0027269063299808494,10.024903796165075,0.33476427985714213,-0.0,-0.0
261,262,-1.171898905735097,0.0,10.024903796165075,0.33499749270742313,-0.0,-0.0
262,263,-1.171898905735097,0.0,10.024903796165075,0.33499749270742313,-0.0,-0.0
263,264,-1.3838963052099453,0.0154929708368865,10.040396767001962,0.37707426069099864,-0.0,-0.0
264,265,-1.3838963052099453,0.0,10.040396767001962,0.37707426069099864,-0.0,-0.0
265,266,-1.580502065096568,0.011687770052573043,10.052084537054535,0.4162914816558674,-0.0,-0.0
266,267,-1.8151672327514232,0.003779682864488265,10.055864219919023,0.4631684270404154,-0.0,-0.0
267,268,-1.8151672327514232,0.0,10.055864219919023,0.46307048669630146,-0.0,-0.0
268,269,-1.8151672327514232,0.0,10.055864219919023,0.46307048669630146,-0.0,-0.0
269,270,-1.8151672327514232,0.0,10.055864219919023,0.4631466535722324,-0.0,-0.0
270,271,-1.8151672327514232,0.0,10.055864219919023,0.46307830042197884,-0.0,-0.0
271,272,-1.8151672327514232,0.0,10.055864219919023,0.4631508067605365,-0.0,-0.0
272,273,-1.8151672327514232,0.0,10.055864219919023,0.46313018878501494,-0.0,-0.0
273,274,-1.8151672327514232,0.0,10.055864219919023,0.4631451217631123,-0.0,-0.0
274,275,-1.8151672327514232,0.0,10.055864219919023,0.4631839439560325,0.0,-0.0
275,276,-1.8151672327514232,0.0,10.055864219919023,0.46503410693766356,0.01,-0.0
276,277,-1.8151672327514232,0.0,10.055864219919023,0.4651879075599721,0.01,-0.0
277,278,-1.8151672327514232,0.0,10.055864219919023,0.4650648809172683,0.01,-0.0
278,279,-1.8151672327514232,0.0,10.055864219919023,0.4651865845206861,0.01,-0.0
279,280,-1.8151672327514232,0.0,10.055864219919023,0.4631865845206861,-0.0,-0.0
280,281,-1.8151672327514232,0.0,10.055864219919023,0.46309575436957884,-0.0,-0.0
281,282,-1.8151672327514232,0.0,10.055864219919023,0.46309575436957884,-0.0,-0.0
282,283,-1.8151672327514232,0.0,10.055864219919023,0.4630675688580147,-0.0,-0.0
283,284,-1.8151672327514232,0.0,10.055864219919023,0.4630525655833423,-0.0,-0.0
284,285,-1.8151672327514232,0.0,10.055864219919023,0.4631468543640886,-0.0,-0.0
285,286,-1.8151672327514232,0.0,10.055864219919023,0.4630970478257282,-0.0,-0.0
286,287,-1.8151672327514232,0.0,10.055864219919023,0.4629698315051256,-0.0,-0.0
287,288,-1.8151672327514232,0.0,10.055864219919023,0.46327033900260434,-0.0,-0.0
288,289,-1.8151672327514232,0.0,10.055864219919023,0.46311954880287276,-0.0,0.0
289,290,-1.8151672327514232,0.0,10.055864219919023,0.4611900781060689,-0.01,0.0
290,291,-1.8151672327514232,0.0,10.055864219919023,0.46123241967290535,-0.01,0.0
291,292,-1.8151672327514232,0.0,10.055864219919023,0.45916232186874295,-0.01,0.01
292,293,-1.8151672327514232,0.0,10.055864219919023,0.45918398978170616,-0.01,0.01
293,294,-1.8151672327514232,0.0,10.055864219919023,0.46318398978170616,-0.0,-0.0
294,295,-1.8151672327514232,0.0,10.055864219919023,0.46319082257628097,-0.0,-0.0
295,296,-1.8151672327514232,0.0,10.055864219919023,0.4631013588541346,-0.0,-0.0
296,297,-1.8151672327514232,0.0,10.055864219919023,0.4631912406150225,-0.0,-0.0
297,298,-1.8151672327514232,0.0,10.055864219919023,0.46323804444654665,-0.0,-0.0
298,299,-1.8151672327514232,0.0,10.055864219919023,0.46331698055463344,-0.0,-0.0
299,300,-1.8151672327514232,0.0,10.055864219919023,0.4632624720595791,-0.0,-0.0
300,301,-1.8151672327514232,0.0,10.055864219919023,0.4632401419733593,-0.0,-0.0
301,302,-1.8151672327514232,0.0,10.055864219919023,0.46323684414600064,-0.0,0.0
302,303,-1.8151672327514232,0.0,10.055864219919023,0.46125429986386246,-0.0,0.01
303,304,-1.8151672327514232,0.0,10.055864219919023,0.4591860919423591,-0.01,0.01
304,305,-1.8151672327514232,0.0,10.055864219919023,0.4594538522787122,-0.01,0.01
305,306,-1.8151672327514232,0.0,10.055864219919023,0.4634538522787122,-0.0,-0.0
306,307,-1.8151672327514232,0.0,10.055864219919023,0.46338767112070284,-0.0,-0.0
307,308,-1.8151672327514232,0.0,10.055864219919023,0.46338767112070284,-0.0,-0.0
308,309,-1.8151672327514232,0.0,10.055864219919023,0.4633798589123745,-0.0,-0.0
309,310,-1.8151672327514232,0.0,10.055864219919023,0.4633056690703082,-0.0,-0.0
310,311,-1.8151672327514232,0.0,10.055864219919023,0.4633355007076238,-0.0,-0.0
311,312,-1.8151672327514232,0.0,10.055864219919023,0.4632526319666099,-0.0,-0.0
312,313,-1.8151672327514232,0.0,10.055864219919023,0.4633170831033425,-0.0,-0.0
313,314,-1.8151672327514232,0.0,10.055864219919023,0.4633706060239855,0.0,-0.0
314,315,-1.8151672327514232,0.0,10.055864219919023,0.4632274912176917,0.0,-0.0
315,316,-1.8151672327514232,0.0,10.055864219919023,0.4653529828748341,0.01,-0.0
316,317,-1.8151672327514232,0.0,10.055864219919023,0.4653652334201567,0.01,-0.0
317,318,-1.8151672327514232,0.0,10.055864219919023,0.4653789951547561,0.01,-0.0
318,319,-1.8151672327514232,0.0,10.055864219919023,0.4633789951547561,-0.0,-0.0
319,320,-1.8151672327514232,0.0,10.055864219919023,0.4633999156309114,-0.0,-0.0
320,321,-1.8151672327514232,0.0,10.055864219919023,0.4633999156309114,-0.0,-0.0
321,322,-1.8151672327514232,0.0,10.055864219919023,0.4631479615582292,-0.0,-0.0
322,323,-1.8151672327514232,0.0,10.055864219919023,0.4632803773841342,-0.0,-0.0
323,324,-1.8151672327514232,0.0,10.055864219919023,0.46336481265840723,-0.0,-0.0
324,325,-1.8151672327514232,0.0,10.055864219919023,0.463298275312597,-0.0,-0.0
325,326,-1.8151672327514232,0.0,10.055864219919023,0.4634331594761041,-0.0,-0.0
326,327,-1.8151672327514232,0.0,10.055864219919023,0.4632802689756397,0.0,-0.0
327,328,-1.8151672327514232,0.0,10.055864219919023,0.4631918819756659,0.0,-0.0
328,329,-1.8151672327514232,0.0,10.055864219919023,0.4653472251573025,0.01,-0.0
329,330,-1.8151672327514232,0.0,10.055864219919023,0.4692662745409113,0.02,-0.01
330,331,-1.8151672327514232,0.0,10.055864219919023,0.4692515980417227,0.02,-0.01
331,332,-1.8151672327514232,0.0,10.055864219919023,0.46325159804172267,-0.0,-0.0
332,333,-1.8151672327514232,0.0,10.055864219919023,0.46308165990505373,-0.0,-0.0
333,334,-1.8151672327514232,0.0,10.055864219919023,0.46308165990505373,-0.0,-0.0
334,335,-1.8151672327514232,0.0,10.055864219919023,0.4632549738448878,-0.0,-0.0
335,336,-1.8151672327514232,0.0,10.055864219919023,0.4632273940108036,-0.0,-0.0
336,337,-1.8151672327514232,0.0,10.055864219919023,0.4632518379618866,-0.0,-0.0
337,338,-1.8151672327514232,0.0,10.055864219919023,0.46323639830509455,-0.0,-0.0
338,339,-1.8151672327514232,0.0,10.055864219919023,0.4632579208659116,-0.0,-0.0
339,340,-1.8151672327514232,0.0,10.055864219919023,0.46309931264703424,-0.0,-0.0
340,341,-1.8151672327514232,0.0,10.055864219919023,0.4632282288338566,-0.01,-0.01
341,342,-1.8151672327514232,0.0,10.055864219919023,0.46315725313476935,-0.01,-0.01
342,343,-1.8151672327514232,0.0,10.055864219919023,0.46318091354318786,-0.02,-0.02
343,344,-1.8151672327514232,0.0,10.055864219919023,0.4632185065273921,-0.03,-0.03
344,345,-1.8151672327514232,0.0,10.055864219919023,0.4631897688579474,-0.03,-0.03
345,346,-1.8151672327514232,0.0,10.055864219919023,0.4631897688579474,-0.0,-0.0
346,347,-1.8151672327514232,0.0,10.055864219919023,0.46309380543362944,-0.0,-0.0
347,348,-1.8151672327514232,0.0,10.055864219919023,0.46309380543362944,-0.0,-0.0
348,349,-1.8151672327514232,0.0,10.055864219919023,0.4632895390183681,-0.0,-0.0
349,350,-1.8151672327514232,0.0,10.055864219919023,0.4630819072460901,-0.0,-0.0
350,351,-1.8151672327514232,0.0,10.055864219919023,0.46318430483089285,-0.0,-0.0
351,352,-1.8151672327514232,0.0,10.055864219919023,0.4632072409829078,-0.0,-0.0
352,353,-1.8151672327514232,0.0,10.055864219919023,0.46315208584676165,-0.0,-0.0
353,354,-1.8151672327514232,0.0,10.055864219919023,0.4633175559612681,-0.0,-0.0
354,355,-1.8151672327514232,0.0,10.055864219919023,0.46319807138837205,0.0,0.0
355,356,-1.8151672327514232,0.0,10.055864219919023,0.4651900551989344,0.01,0.0
356,357,-1.8151672327514232,0.0,10.055864219919023,0.46530625614259613,0.01,-0.0
357,358,-1.8151672327514232,0.0,10.055864219919023,0.4693278711024292,0.02,-0.01
358,359,-1.8151672327514232,0.0,10.055864219919023,0.46918278110089023,0.02,-0.01
359,360,-1.8151672327514232,0.0,10.055864219919023,0.46318278110089023,-0.0,-0.0
360,361,-1.8151672327514232,0.0,10.055864219919023,0.46312493540391486,-0.0,-0.0
361,362,-1.8151672327514232,0.0,10.055864219919023,0.463094725304682,-0.0,-0.0
362,363,-1.8151672327514232,0.0,10.055864219919023,0.4631309867412241,-0.0,-0.0
363,364,-1.8151672327514232,0.0,10.055864219919023,0.46319641110733123,-0.0,-0.0
364,365,-1.8151672327514232,0.0,10.055864219919023,0.46319748171523034,-0.0,-0.0
365,366,-1.8151672327514232,0.0,10.055864219919023,0.4631542366261048,-0.0,-0.0
366,367,-1.8151672327514232,0.0,10.055864219919023,0.46317736135361576,-0.0,0.0
367,368,-1.8151672327514232,0.0,10.055864219919023,0.4631595468093459,-0.0,0.0
368,369,-1.8151672327514232,0.0,10.055864219919023,0.4630201615870028,-0.0,-0.0
369,370,-1.8151672327514232,0.0,10.055864219919023,0.4632118588235649,-0.0,-0.0
370,371,-1.8151672327514232,0.0,10.055864219919023,0.4632118588235649,-0.0,-0.0
371,372,-1.8151672327514232,0.0,10.055864219919023,0.4630768563933573,-0.0,-0.0
372,373,-1.8151672327514232,0.0,10.055864219919023,0.4630768563933573,-0.0,-0.0
373,374,-1.8151672327514232,0.0,10.055864219919023,0.46319337078387435,-0.0,-0.0
374,375,-1.8151672327514232,0.0,10.055864219919023,0.4630074199580235,-0.0,-0.0
375,376,-1.8151672327514232,0.0,10.055864219919023,0.46308270677332974,-0.0,-0.0
376,377,-1.8151672327514232,0.0,10.055864219919023,0.4630657385577198,-0.0,-0.0
377,378,-1.8151672327514232,0.0,10.055864219919023,0.4631471239962811,-0.0,-0.0
378,379,-1.8151672327514232,0.0,10.055864219919023,0.4631827696439148,-0.0,-0.0
379,380,-1.8151672327514232,0.0,10.055864219919023,0.46096991818049016,-0.01,-0.0
380,381,-1.8151672327514232,0.0,10.055864219919023,0.45896991818049016,-0.02,-0.0
381,382,-1.8151672327514232,0.0,10.055864219919023,0.4591671774670449,-0.02,-0.0
382,383,-1.8151672327514232,0.0,10.055864219919023,0.46317123548205646,-0.0,-0.0
383,384,-1.8151672327514232,0.0,10.055864219919023,0.46317123548205646,-0.0,-0.0
384,385,-1.8151672327514232,0.0,10.055864219919023,0.4631269220606012,-0.0,-0.0
385,386,-1.8151672327514232,0.0,10.055864219919023,0.4631269220606012,-0.0,-0.0
386,387,-1.8151672327514232,0.0,10.055864219919023,0.463189465332848,-0.0,-0.0
387,388,-1.8151672327514232,0.0,10.055864219919023,0.46313276626231414,-0.0,-0.0
388,389,-1.8151672327514232,0.0,10.055864219919023,0.46319547213997353,-0.0,-0.0
389,390,-1.8151672327514232,0.0,10.055864219919023,0.463075935852715,-0.0,-0.0
390,391,-1.8151672327514232,0.0,10.055864219919023,0.4632111321579089,-0.0,-0.0
391,392,-1.8151672327514232,0.0,10.055864219919023,0.46314216687977094,-0.0,0.0
392,393,-1.8151672327514232,0.0,10.055864219919023,0.46117531001613743,-0.0,0.01
393,394,-1.8151672327514232,0.0,10.055864219919023,0.4610798536647625,-0.0,0.01
394,395,-1.8151672327514232,0.0,10.055864219919023,0.45919769926619686,-0.01,0.01
395,396,-1.8151672327514232,0.0,10.055864219919023,0.45918381220674354,-0.01,0.01
396,397,-1.8151672327514232,0.0,10.055864219919023,0.45894833815395775,-0.01,0.01
397,398,-1.8151672327514232,0.0,10.055864219919023,0.46300330592672995,-0.0,-0.0
398,399,-1.8151672327514232,0.0,10.055864219919023,0.4631600284537494,-0.0,-0.0
399,400,-1.8151672327514232,0.0,10.055864219919023,0.46317445619659137,-0.0,-0.0
400,401,-1.8151672327514232,0.0,10.055864219919023,0.46313952152689236,-0.0,-0.0
401,402,-1.8151672327514232,0.0,10.055864219919023,0.46326245492994783,-0.0,-0.0
402,403,-1.8151672327514232,0.0,10.055864219919023,0.46317736135361576,-0.0,0.0
403,404,-1.8151672327514232,0.0,10.055864219919023,0.4631992449674433,-0.0,0.0
404,405,-1.8151672327514232,0.0,10.055864219919023,0.4631662775054863,-0.0,0.0
405,406,-1.8151672327514232,0.0,10.055864219919023,0.4631662775054863,-0.0,-0.0
406,407,-1.8151672327514232,0.0,10.055864219919023,0.4653126433025711,-0.0,-0.0
407,408,-1.8151672327514232,0.0,10.055864219919023,0.46324715923502163,-0.22,-0.21
408,409,-1.8151672327514232,0.0,10.055864219919023,0.4633423698586028,-0.2,-0.19
409,410,-1.5192880690387869,-0.06042025658294392,9.99544396333608,0.4050682169045873,-0.18,-0.17
410,411,-1.5192880690387869,0.0,9.99544396333608,0.40649148103383254,-0.18,-0.17
411,412,-1.5192880690387869,0.0,9.99544396333608,0.39849148103383253,-0.32,-0.27
412,413,-1.0611174744249166,0.032053321451057215,10.027497284787136,0.3062116853288558,-0.32,-0.27
413,414,-1.0611174744249166,0.0,10.027497284787136,0.3060788449949932,-0.3,-0.25
414,415,-1.0611174744249166,0.0,10.027497284787136,0.30605737753089035,-0.28,-0.23
415,416,-1.0611174744249166,0.0,10.027497284787136,0.3060580114165338,-0.26,-0.21
416,417,-1.0611174744249166,0.0,10.027497284787136,0.30602145195370883,-0.24,-0.19
417,418,-1.0611174744249166,0.0,10.027497284787136,0.30794352300337857,-0.22,-0.18
418,419,-1.0611174744249166,0.0,10.027497284787136,0.30986915836318685,-0.2,-0.17
419,420,-1.0611174744249166,0.0,10.027497284787136,0.30984806274069954,-0.19,-0.16
420,421,-1.0611174744249166,0.0,10.027497284787136,0.31372082780217503,-0.18,-0.17
421,422,-1.0611174744249166,0.0,10.027497284787136,0.30965113438285297,-0.18,-0.17
422,423,-0.7192022234838085,0.07550912682669342,10.10300641161383,0.24415006946433598,-0.38,-0.39
423,424,-0.7192022234838085,0.0,10.10300641161383,0.2435339430698215,-0.38,-0.39
424,425,-1.1939110085627649,0.0,10.10300641161383,0.3344757000856128,0.0,0.01
425,426,-0.8997903261276585,0.0199112725622701,10.1229176841761,0.27535952924525275,0.0,0.01
426,427,-0.8997903261276585,0.0,10.1229176841761,0.2755348727718677,0.0,0.01
427,428,-0.8592212557996364,0.0,10.1229176841761,0.2694210587062633,-0.0,-0.0
428,429,-0.8592212557996364,0.0,10.1229176841761,0.26941244945698617,-0.0,-0.0
429,430,-0.8592212557996364,0.0,10.1229176841761,0.26941244945698617,-0.0,-0.0
430,431,-0.8592212557996364,0.0,10.1229176841761,0.2694790915694731,-0.0,-0.0
431,432,-0.8592212557996364,0.0,10.1229176841761,0.26944383771021485,-0.0,-0.0
432,433,-0.8592212557996364,0.0,10.1229176841761,0.26941689488195386,-0.0,-0.0
433,434,-0.8592212557996364,0.0,10.1229176841761,0.269415814129332,-0.0,-0.0
434,435,-0.8592212557996364,0.0,10.1229176841761,0.26939227341474553,-0.0,-0.0
435,436,-0.8592212557996364,0.0,10.1229176841761,0.2694218401101192,0.0,-0.0
436,437,-0.8592212557996364,0.0,10.1229176841761,0.2694806355444871,0.0,-0.0
437,438,-0.8592212557996364,0.0,10.1229176841761,0.2693440025998296,0.0,-0.0
438,439,-0.8592212557996364,0.0,10.1229176841761,0.26937997051010537,-0.0,-0.0
439,440,-0.8592212557996364,0.0,10.1229176841761,0.269454615955404,-0.0,-0.0
440,441,-0.8592212557996364,0.0,10.1229176841761,0.269454615955404,-0.0,-0.0
441,442,-0.8592212557996364,0.0,10.1229176841761,0.269473782864692,-0.0,-0.0
442,443,-0.8592212557996364,0.0,10.1229176841761,0.26927332257555864,-0.0,-0.0
443,444,-0.8592212557996364,0.0,10.1229176841761,0.26948699925833774,-0.0,-0.0
444,445,-0.8592212557996364,0.0,10.1229176841761,0.2694600566904293,-0.0,-0.0
445,446,-0.8592212557996364,0.0,10.1229176841761,0.26946654746423937,-0.0,-0.0
446,447,-0.8592212557996364,0.0,10.1229176841761,0.2693833242174153,0.0,0.0
447,448,-0.8592212557996364,0.0,10.1229176841761,0.26944371877325707,0.0,0.0
448,449,-0.8592212557996364,0.0,10.1229176841761,0.2693596033286767,0.0,0.0
449,450,-0.8592212557996364,0.0,10.1229176841761,0.2694990493848122,0.01,0.01
450,451,-0.8592212557996364,0.0,10.1229176841761,0.269532433410268,0.01,0.01
451,452,-0.8592212557996364,0.0,10.1229176841761,0.27143377183461126,0.02,0.01
452,453,-0.8592212557996364,0.0,10.1229176841761,0.2714964961753686,0.02,0.01
453,454,-0.8592212557996364,0.0,10.1229176841761,0.2694964961753686,-0.0,-0.0
454,455,-0.8592212557996364,0.0,10.1229176841761,0.26955286534533407,-0.0,-0.0
455,456,-0.8592212557996364,0.0,10.1229176841761,0.26955286534533407,-0.0,-0.0
456,457,-0.8592212557996364,0.0,10.1229176841761,0.26935185772841314,-0.0,-0.0
457,458,-0.8592212557996364,0.0,10.1229176841761,0.2694237874100274,-0.0,-0.0
458,459,-0.8592212557996364,0.0,10.1229176841761,0.2694989154922778,-0.0,-0.0
459,460,-0.8592212557996364,0.0,10.1229176841761,0.26933949230052356,-0.0,-0.0
460,461,-0.8592212557996364,0.0,10.1229176841761,0.26950919576538085,-0.0,-0.0
461,462,-0.8592212557996364,0.0,10.1229176841761,0.26940115529868874,0.0,-0.0
462,463,-0.8592212557996364,0.0,10.1229176841761,0.2733887130645343,0.01,-0.01
463,464,-0.8592212557996364,0.0,10.1229176841761,0.27341487988224067,0.01,-0.01
464,465,-0.8592212557996364,0.0,10.1229176841761,0.2733261036507529,0.01,-0.01
465,466,-0.8592212557996364,0.0,10.1229176841761,0.273391044921294,0.01,-0.01
466,467,-0.8592212557996364,0.0,10.1229176841761,0.269391044921294,-0.0,-0.0
467,468,-0.8592212557996364,0.0,10.1229176841761,0.26940818343519346,-0.0,-0.0
468,469,-0.8592212557996364,0.0,10.1229176841761,0.26940818343519346,-0.0,-0.0
469,470,-0.8592212557996364,0.0,10.1229176841761,0.2695320504953761,-0.0,-0.0
470,471,-0.8592212557996364,0.0,10.1229176841761,0.2695032666364233,-0.0,-0.0
471,472,-0.8592212557996364,0.0,10.1229176841761,0.26948195713653,-0.0,-0.0
472,473,-0.8592212557996364,0.0,10.1229176841761,0.2694728355258854,-0.0,-0.0
473,474,-0.8592212557996364,0.0,10.1229176841761,0.2695142202893956,-0.0,-0.0
474,475,-0.8592212557996364,0.0,10.1229176841761,0.26945776776195124,0.0,0.0
475,476,-0.8592212557996364,0.0,10.1229176841761,0.26937883925978257,0.0,0.0
476,477,-0.8592212557996364,0.0,10.1229176841761,0.2715124411382435,0.01,-0.0
477,478,-0.8592212557996364,0.0,10.1229176841761,0.27148973911999663,0.01,-0.0
478,479,-0.8592212557996364,0.0,10.1229176841761,0.2714780012896626,0.01,-0.0
479,480,-0.8592212557996364,0.0,10.1229176841761,0.2694780012896626,-0.0,-0.0
480,481,-0.8592212557996364,0.0,10.1229176841761,0.26957209136769367,-0.0,-0.0
481,482,-0.8592212557996364,0.0,10.1229176841761,0.26957209136769367,-0.0,-0.0
482,483,-0.8592212557996364,0.0,10.1229176841761,0.26951350256144935,-0.0,-0.0
483,484,-0.8592212557996364,0.0,10.1229176841761,0.2694935744272464,-0.0,-0.0
484,485,-0.8592212557996364,0.0,10.1229176841761,0.26947239382845267,-0.0,-0.0
485,486,-0.8592212557996364,0.0,10.1229176841761,0.2693777079589194,-0.0,-0.0
486,487,-0.8592212557996364,0.0,10.1229176841761,0.2693325921021025,-0.0,-0.0
487,488,-0.8592212557996364,0.0,10.1229176841761,0.2693719038965295,-0.0,0.0
488,489,-0.8592212557996364,0.0,10.1229176841761,0.2674928804624102,-0.0,0.01
489,490,-0.8592212557996364,0.0,10.1229176841761,0.26747568961906426,-0.0,0.01
490,491,-0.8592212557996364,0.0,10.1229176841761,0.2635141016832181,-0.01,0.02
491,492,-0.8592212557996364,0.0,10.1229176841761,0.2595258014761205,-0.02,0.03
492,493,-0.8592212557996364,0.0,10.1229176841761,0.259571147710131,-0.02,0.03
493,494,-0.8592212557996364,0.0,10.1229176841761,0.269571147710131,-0.0,-0.0
494,495,-0.8592212557996364,0.0,10.1229176841761,0.26940506209613685,-0.0,-0.0
495,496,-0.8592212557996364,0.0,10.1229176841761,0.26940506209613685,-0.0,-0.0
496,497,-0.8592212557996364,0.0,10.1229176841761,0.2695036560729221,-0.0,-0.0
497,498,-0.8592212557996364,0.0,10.1229176841761,0.2695036560729221,-0.0,-0.0
498,499,-0.8592212557996364,0.0,10.1229176841761,0.2694726832172978,-0.0,-0.0
499,500,-0.8592212557996364,0.0,10.1229176841761,0.2694726832172978,-0.0,-0.0
500,501,-0.8592212557996364,0.0,10.1229176841761,0.2694325636602972,-0.0,-0.0
501,502,-0.8592212557996364,0.0,10.1229176841761,0.26945902349804024,-0.0,-0.0
502,503,-0.8592212557996364,0.0,10.1229176841761,0.26944534114712243,-0.0,-0.0
503,504,-0.8592212557996364,0.0,10.1229176841761,0.2693809335617693,-0.0,-0.0
504,505,-0.8592212557996364,0.0,10.1229176841761,0.26953911221358845,-0.0,-0.0
505,506,-0.8592212557996364,0.0,10.1229176841761,0.26952344857489474,0.0,-0.0
506,507,-0.8592212557996364,0.0,10.1229176841761,0.2694040174916164,0.0,-0.0
507,508,-0.8592212557996364,0.0,10.1229176841761,0.2694834004553302,0.0,-0.0
508,509,-0.8592212557996364,0.0,10.1229176841761,0.26943770105302867,-0.0,0.0
509,510,-0.8592212557996364,0.0,10.1229176841761,0.269597893240335,0.0,0.0
510,511,-0.8592212557996364,0.0,10.1229176841761,0.2693385184849183,0.0,0.0
511,512,-0.8592212557996364,0.0,10.1229176841761,0.2693385184849183,-0.0,-0.0
512,513,-0.8592212557996364,0.0,10.1229176841761,0.2695138735928497,-0.0,-0.0
513,514,-0.8592212557996364,0.0,10.1229176841761,0.2695138735928497,-0.0,-0.0
514,515,-0.8592212557996364,0.0,10.1229176841761,0.26947986509142907,-0.0,-0.0
515,516,-0.8592212557996364,0.0,10.1229176841761,0.2694233723241837,-0.0,-0.0
516,517,-0.8592212557996364,0.0,10.1229176841761,0.26948582711567187,-0.0,-0.0
517,518,-0.8592212557996364,0.0,10.1229176841761,0.2694865578083918,-0.0,-0.0
518,519,-0.8592212557996364,0.0,10.1229176841761,0.26945957210102667,-0.0,-0.0
519,520,-0.8592212557996364,0.0,10.1229176841761,0.2694229114488346,0.0,0.0
520,521,-0.8592212557996364,0.0,10.1229176841761,0.2673370821917204,0.0,0.01
521,522,-0.8592212557996364,0.0,10.1229176841761,0.26740420686756533,0.0,0.01
522,523,-0.8592212557996364,0.0,10.1229176841761,0.26738722459805003,0.0,0.01
523,524,-0.8592212557996364,0.0,10.1229176841761,0.26938722459805003,-0.0,-0.0
524,525,-0.8592212557996364,0.0,10.1229176841761,0.26939407937523563,-0.0,-0.0
525,526,-0.8592212557996364,0.0,10.1229176841761,0.26939407937523563,-0.0,-0.0
526,527,-0.8592212557996364,0.0,10.1229176841761,0.2694283834201178,-0.0,-0.0
527,528,-0.8592212557996364,0.0,10.1229176841761,0.26940976839052605,-0.0,-0.0
528,529,-0.8592212557996364,0.0,10.1229176841761,0.26946882341136197,-0.0,-0.0
529,530,-0.8592212557996364,0.0,10.1229176841761,0.26944042796225864,-0.0,-0.0
530,531,-0.8592212557996364,0.0,10.1229176841761,0.26934330145867846,-0.0,-0.0
531,532,-0.8592212557996364,0.0,10.1229176841761,0.26950323316894403,0.0,0.0
532,533,-0.8592212557996364,0.0,10.1229176841761,0.26950616596880383,0.0,0.0
533,534,-0.8592212557996364,0.0,10.1229176841761,0.2694660020595927,-0.0,0.0
534,535,-0.8592212557996364,0.0,10.1229176841761,0.2673804107668395,-0.01,0.0
535,536,-0.8592212557996364,0.0,10.1229176841761,0.26340310724550775,-0.02,0.01
536,537,-0.8592212557996364,0.0,10.1229176841761,0.2633726287125162,-0.02,0.01
537,538,-0.8592212557996364,0.0,10.1229176841761,0.2693726287125162,-0.0,-0.0
538,539,-0.8592212557996364,0.0,10.1229176841761,0.2692786120743531,-0.0,-0.0
539,540,-0.8592212557996364,0.0,10.1229176841761,0.2692786120743531,-0.0,-0.0
540,541,-0.8592212557996364,0.0,10.1229176841761,0.2694068060619906,-0.0,-0.0
541,542,-0.8592212557996364,0.0,10.1229176841761,0.2692933296803688,-0.0,-0.0
542,543,-0.8592212557996364,0.0,10.1229176841761,0.26948311118918017,-0.0,-0.0
543,544,-0.8592212557996364,0.0,10.1229176841761,0.26944504534611213,-0.0,-0.0
544,545,-0.8592212557996364,0.0,10.1229176841761,0.26954557663296785,-0.0,-0.0
545,546,-0.8592212557996364,0.0,10.1229176841761,0.26932623539692657,0.0,-0.0
546,547,-0.8592212557996364,0.0,10.1229176841761,0.27349695875450347,0.01,-0.01
547,548,-0.8592212557996364,0.0,10.1229176841761,0.27346364053498223,0.01,-0.01
548,549,-0.8592212557996364,0.0,10.1229176841761,0.27150151714058274,0.01,-0.0
549,550,-0.8592212557996364,0.0,10.1229176841761,0.26955066984228454,0.0,0.0
550,551,-0.8592212557996364,0.0,10.1229176841761,0.2675086756153046,-0.0,0.01
551,552,-0.8592212557996364,0.0,10.1229176841761,0.267273770828897,-0.0,0.01
552,553,-0.8592212557996364,0.0,10.1229176841761,0.269273770828897,-0.0,-0.0
553,554,-0.8592212557996364,0.0,10.1229176841761,0.2693258340285419,-0.0,-0.0
554,555,-0.8592212557996364,0.0,10.1229176841761,0.2693258340285419,-0.0,-0.0
555,556,-0.8592212557996364,0.0,10.1229176841761,0.2693968079340865,-0.0,-0.0
556,557,-0.8592212557996364,0.0,10.1229176841761,0.26949815168265817,-0.0,-0.0
557,558,-0.8592212557996364,0.0,10.1229176841761,0.269374530873535,-0.0,-0.0
558,559,-0.8592212557996364,0.0,10.1229176841761,0.26939816446530596,-0.0,-0.0
559,560,-0.8592212557996364,0.0,10.1229176841761,0.269368677143264,-0.0,-0.0
560,561,-0.8592212557996364,0.0,10.1229176841761,0.26942540801087744,-0.0,-0.0
561,562,-0.8592212557996364,0.0,10.1229176841761,0.2694324080578955,-0.0,-0.0
562,563,-0.8592212557996364,0.0,10.1229176841761,0.2673812973717546,-0.01,-0.0
563,564,-0.8592212557996364,0.0,10.1229176841761,0.26942469386058476,-0.01,-0.01
564,565,-0.8592212557996364,0.0,10.1229176841761,0.2693116441775759,-0.01,-0.01
565,566,-0.8592212557996364,0.0,10.1229176841761,0.26944192245220966,-0.0,-0.0
566,567,-0.8592212557996364,0.0,10.1229176841761,0.26944192245220966,-0.0,-0.0
567,568,-0.8592212557996364,0.0,10.1229176841761,0.26899875818261243,-0.0,-0.0
568,569,-0.8592212557996364,0.0,10.1229176841761,0.25888279426217,-0.05,-0.0
569,570,-0.8592212557996364,0.0,10.1229176841761,0.2589410939948734,-0.05,-0.0
570,571,-0.8592212557996364,0.0,10.1229176841761,0.25890390788985784,-0.05,-0.0
571,572,-0.8592212557996364,0.0,10.1229176841761,0.2588812416055229,-0.05,-0.0
572,573,-0.8592212557996364,0.0,10.1229176841761,0.2589057145932676,-0.05,-0.0
573,574,-0.8592212557996364,0.0,10.1229176841761,0.2588212050410456,-0.05,-0.0
574,575,-0.8592212557996364,0.0,10.1229176841761,0.25882952610601623,-0.05,-0.0
575,576,-0.8592212557996364,0.0,10.1229176841761,0.25883663577040733,-0.05,-0.0
576,577,-0.8592212557996364,0.0,10.1229176841761,0.2568119652717719,-0.06,0.0
577,578,-0.8592212557996364,0.0,10.1229176841761,0.2562585721858408,-0.06,0.0
578,579,-0.8592212557996364,0.0,10.1229176841761,0.2582585721858408,-0.05,-0.0
579,580,-0.8592212557996364,0.0,10.1229176841761,0.2576634043280113,-0.05,-0.0
580,581,-0.8592212557996364,0.0,10.1229176841761,0.2575673641555964,-0.05,-0.0
581,582,-0.8592212557996364,0.0,10.1229176841761,0.25760715484331004,-0.05,-0.0
582,583,-0.8592212557996364,0.0,10.1229176841761,0.2576540982813784,-0.05,-0.0
583,584,-0.8592212557996364,0.0,10.1229176841761,0.25740698819854047,-0.05,-0.0
584,585,-0.8592212557996364,0.0,10.1229176841761,0.25765481097934945,-0.05,-0.0
585,586,-0.8592212557996364,0.0,10.1229176841761,0.25745269291509704,-0.05,-0.0
586,587,-0.8592212557996364,0.0,10.1229176841761,0.2575720838517317,-0.05,-0.0
587,588,-0.8592212557996364,0.0,10.1229176841761,0.26165079934862595,-0.04,-0.01
588,589,-0.8592212557996364,0.0,10.1229176841761,0.2635346768895564,-0.04,-0.02
589,590,-0.8592212557996364,0.0,10.1229176841761,0.2631563889125217,-0.04,-0.02
590,591,-0.8592212557996364,0.0,10.1229176841761,0.2571563889125217,-0.05,-0.0
591,592,-0.8592212557996364,0.0,10.1229176841761,0.2564279556145694,-0.05,-0.0
592,593,-0.5658348327968374,0.19459763140556063,10.31751531558166,0.19495588873188485,-0.05,-0.0
593,594,-0.5658348327968374,0.0,10.31751531558166,0.19448604441766187,-0.05,-0.0
594,595,-0.5658348327968374,0.0,10.31751531558166,0.19448604441766187,-0.05,-0.0
595,596,-0.5658348327968374,0.0,10.31751531558166,0.19409005945422533,-0.05,-0.0
596,597,-0.778923573423492,0.0,10.31751531558166,0.24670780757955627,-0.0,-0.0
597,598,-0.778923573423492,0.0,10.31751531558166,0.2466301304230542,-0.0,-0.0
598,599,-0.778923573423492,0.0,10.31751531558166,0.2466301304230542,-0.0,-0.0
599,600,-0.778923573423492,0.0,10.31751531558166,0.24687619704441305,-0.0,-0.0
600,601,-0.778923573423492,0.0,10.31751531558166,0.24682420505913125,-0.0,-0.0
601,602,-0.778923573423492,0.0,10.31751531558166,0.2469764279460809,-0.0,-0.0
602,603,-0.778923573423492,0.0,10.31751531558166,0.24674775658756964,-0.0,-0.0
603,604,-0.778923573423492,0.0,10.31751531558166,0.24688715112639714,-0.0,-0.0
604,605,-0.778923573423492,0.0,10.31751531558166,0.24689035079514868,-0.0,-0.0
605,606,-0.778923573423492,0.0,10.31751531558166,0.2469347454352163,0.0,0.0
606,607,-0.778923573423492,0.0,10.31751531558166,0.24683249484964218,0.0,0.0
607,608,-0.778923573423492,0.0,10.31751531558166,0.24693705599514057,-0.0,0.0
608,609,-0.778923573423492,0.0,10.31751531558166,0.24692973094815024,-0.0,0.0
609,610,-0.778923573423492,0.0,10.31751531558166,0.24681762422739523,-0.0,0.0
610,611,-0.778923573423492,0.0,10.31751531558166,0.24681762422739523,-0.0,-0.0
611,612,-0.778923573423492,0.0,10.31751531558166,0.2468474312066913,-0.0,-0.0
612,613,-0.778923573423492,0.0,10.31751531558166,0.2468474312066913,-0.0,-0.0
613,614,-0.778923573423492,0.0,10.31751531558166,0.246859188029273,-0.0,-0.0
614,615,-0.778923573423492,0.0,10.31751531558166,0.24685775694425371,-0.0,-0.0
615,616,-0.778923573423492,0.0,10.31751531558166,0.2469052343048745,-0.0,-0.0
616,617,-0.778923573423492,0.0,10.31751531558166,0.24686585371154973,-0.0,-0.0
617,618,-0.778923573423492,0.0,10.31751531558166,0.24685011149267505,-0.0,-0.0
618,619,-0.778923573423492,0.0,10.31751531558166,0.24674958887100196,-0.0,-0.0
619,620,-0.778923573423492,0.0,10.31751531558166,0.24674958887100196,-0.0,0.0
620,621,-0.778923573423492,0.0,10.31751531558166,0.24678280275936737,-0.0,0.0
621,622,-0.778923573423492,0.0,10.31751531558166,0.24678280275936737,-0.0,-0.0
622,623,-0.778923573423492,0.0,10.31751531558166,0.2467281162240353,-0.0,-0.0
623,624,-0.778923573423492,0.0,10.31751531558166,0.2467281162240353,-0.0,-0.0
624,625,-0.778923573423492,0.0,10.31751531558166,0.2469029245429651,-0.0,-0.0
625,626,-0.778923573423492,0.0,10.31751531558166,0.24665840421806645,-0.0,-0.0
626,627,-0.778923573423492,0.0,10.31751531558166,0.2468701454604843,-0.0,-0.0
627,628,-0.778923573423492,0.0,10.31751531558166,0.24687637273808016,-0.0,-0.0
628,629,-0.778923573423492,0.0,10.31751531558166,0.2467068423121536,-0.0,-0.0
629,630,-0.778923573423492,0.0,10.31751531558166,0.24678759062458253,0.0,-0.0
630,631,-0.778923573423492,0.0,10.31751531558166,0.24860589469423652,0.01,-0.0
631,632,-0.778923573423492,0.0,10.31751531558166,0.248747036349896,0.01,-0.0
632,633,-0.778923573423492,0.0,10.31751531558166,0.25083464872514855,0.02,-0.0
633,634,-0.778923573423492,0.0,10.31751531558166,0.25097949108011414,0.02,-0.0
634,635,-0.778923573423492,0.0,10.31751531558166,0.24697949108011413,-0.0,-0.0
635,636,-0.778923573423492,0.0,10.31751531558166,0.24680682525316724,-0.0,-0.0
636,637,-0.778923573423492,0.0,10.31751531558166,0.24682306435497606,-0.0,-0.0
637,638,-0.778923573423492,0.0,10.31751531558166,0.24683073854045035,-0.0,-0.0
638,639,-0.778923573423492,0.0,10.31751531558166,0.24685818944227317,-0.0,-0.0
639,640,-0.778923573423492,0.0,10.31751531558166,0.24681142220994792,-0.0,-0.0
640,641,-0.778923573423492,0.0,10.31751531558166,0.24679735412839843,-0.0,-0.0
641,642,-0.778923573423492,0.0,10.31751531558166,0.2448820435189308,-0.01,-0.0
642,643,-0.778923573423492,0.0,10.31751531558166,0.24682464513280983,-0.01,-0.01
643,644,-0.778923573423492,0.0,10.31751531558166,0.24460466317712054,-0.02,-0.01
644,645,-0.778923573423492,0.0,10.31751531558166,0.24498246286432823,-0.03,-0.02
645,646,-0.778923573423492,0.0,10.31751531558166,0.2448998773222016,-0.04,-0.03
646,647,-0.778923573423492,0.0,10.31751531558166,0.2448596662128617,-0.04,-0.03
647,648,-0.778923573423492,0.0,10.31751531558166,0.2449004425583559,-0.04,-0.03
648,649,-0.778923573423492,0.0,10.31751531558166,0.24477804579043091,-0.04,-0.03
649,650,-0.778923573423492,0.0,10.31751531558166,0.24677804579043092,-0.0,-0.0
650,651,-0.778923573423492,0.0,10.31751531558166,0.24675073619183355,-0.0,-0.0
651,652,-0.778923573423492,0.0,10.31751531558166,0.24675073619183355,-0.0,-0.0
652,653,-0.778923573423492,0.0,10.31751531558166,0.24685734553730604,-0.0,-0.0
653,654,-0.778923573423492,0.0,10.31751531558166,0.2468594798629057,-0.0,-0.0
654,655,-0.778923573423492,0.0,10.31751531558166,0.24679642375066116,-0.0,-0.0
655,656,-0.778923573423492,0.0,10.31751531558166,0.24686818068992838,-0.0,-0.0
656,657,-0.778923573423492,0.0,10.31751531558166,0.24687207494470095,-0.0,-0.0
657,658,-0.778923573423492,0.0,10.31751531558166,0.24677974555908655,-0.0,-0.0
658,659,-0.778923573423492,0.0,10.31751531558166,0.24688056796507823,-0.01,-0.01
659,660,-0.778923573423492,0.0,10.31751531558166,0.24677871230988935,-0.01,-0.01
660,661,-0.778923573423492,0.0,10.31751531558166,0.24670900616068564,-0.03,-0.03
661,662,-0.778923573423492,0.0,10.31751531558166,0.2467278265100246,-0.03,-0.03
662,663,-0.778923573423492,0.0,10.31751531558166,0.2467278265100246,-0.0,-0.0
663,664,-0.778923573423492,0.0,10.31751531558166,0.24673168793244585,-0.0,-0.0
664,665,-0.778923573423492,0.0,10.31751531558166,0.24673168793244585,-0.0,-0.0
665,666,-0.778923573423492,0.0,10.31751531558166,0.24664632995478197,-0.0,-0.0
666,667,-0.778923573423492,0.0,10.31751531558166,0.2467060679520302,-0.0,-0.0
667,668,-0.778923573423492,0.0,10.31751531558166,0.2467432053536728,-0.0,-0.0
668,669,-0.778923573423492,0.0,10.31751531558166,0.24675294597193653,-0.0,-0.0
669,670,-0.778923573423492,0.0,10.31751531558166,0.24661910072841942,-0.0,-0.0
670,671,-0.778923573423492,0.0,10.31751531558166,0.246577552176058,0.0,0.0
671,672,-0.778923573423492,0.0,10.31751531558166,0.24676621146905495,0.0,0.0
672,673,-0.778923573423492,0.0,10.31751531558166,0.24468344267651665,0.0,0.01
673,674,-0.778923573423492,0.0,10.31751531558166,0.24470434589419354,0.0,0.01
674,675,-0.778923573423492,0.0,10.31751531558166,0.24279478141528088,0.0,0.02
675,676,-0.778923573423492,0.0,10.31751531558166,0.24285523917674273,0.0,0.02
676,677,-0.778923573423492,0.0,10.31751531558166,0.24685523917674274,-0.0,-0.0
677,678,-0.778923573423492,0.0,10.31751531558166,0.246699752028597,-0.0,-0.0
678,679,-0.778923573423492,0.0,10.31751531558166,0.246699752028597,-0.0,-0.0
679,680,-0.778923573423492,0.0,10.31751531558166,0.24667110688841487,-0.0,-0.0
680,681,-0.778923573423492,0.0,10.31751531558166,0.24674289108212022,-0.0,-0.0
681,682,-0.778923573423492,0.0,10.31751531558166,0.2465647774158423,-0.0,-0.0
682,683,-0.778923573423492,0.0,10.31751531558166,0.24674508737589712,-0.0,-0.0
683,684,-0.778923573423492,0.0,10.31751531558166,0.24673074470781495,-0.0,-0.0
684,685,-0.778923573423492,0.0,10.31751531558166,0.2464926256467271,-0.0,-0.0
685,686,-0.778923573423492,0.0,10.31751531558166,0.24672778057947142,-0.01,-0.01
686,687,-0.778923573423492,0.0,10.31751531558166,0.24668505635787608,-0.01,-0.01
687,688,-0.778923573423492,0.0,10.31751531558166,0.24476296539025533,-0.02,-0.01
688,689,-0.778923573423492,0.0,10.31751531558166,0.24282961571015138,-0.03,-0.01
689,690,-0.778923573423492,0.0,10.31751531558166,0.24269136861394125,-0.03,-0.01
690,691,-0.778923573423492,0.0,10.31751531558166,0.24669136861394125,-0.0,-0.0
691,692,-0.778923573423492,0.0,10.31751531558166,0.2466298361193596,-0.0,-0.0
692,693,-0.778923573423492,0.0,10.31751531558166,0.2466298361193596,-0.0,-0.0
693,694,-0.778923573423492,0.0,10.31751531558166,0.24664209844572677,-0.0,-0.0
694,695,-0.778923573423492,0.0,10.31751531558166,0.24653080195167143,-0.0,-0.0
695,696,-0.778923573423492,0.0,10.31751531558166,0.24662385361967673,0.0,-0.0
696,697,-0.778923573423492,0.0,10.31751531558166,0.24667842054332195,0.0,-0.0
697,698,-0.778923573423492,0.0,10.31751531558166,0.2465880482340672,0.0,-0.0
698,699,-0.778923573423492,0.0,10.31751531558166,0.24673524857576695,0.0,-0.0
699,700,-0.778923573423492,0.0,10.31751531558166,0.24864992303221597,0.0,-0.01
700,701,-0.778923573423492,0.0,10.31751531558166,0.24854088554798429,0.0,-0.01
701,702,-0.778923573423492,0.0,10.31751531558166,0.2487747164751213,-0.0,-0.01
702,703,-0.778923573423492,0.0,10.31751531558166,0.24865009310698227,-0.0,-0.01
703,704,-0.778923573423492,0.0,10.31751531558166,0.24665009310698227,-0.0,-0.0
704,705,-0.778923573423492,0.0,10.31751531558166,0.2465966161337052,-0.0,-0.0
705,706,-0.778923573423492,0.0,10.31751531558166,0.24669372472026752,-0.0,-0.0
706,707,-0.778923573423492,0.0,10.31751531558166,0.24655064181514708,-0.0,-0.0
707,708,-0.778923573423492,0.0,10.31751531558166,0.24660414145137668,-0.0,-0.0
708,709,-0.778923573423492,0.0,10.31751531558166,0.24650398795863016,-0.0,-0.0
709,710,-0.778923573423492,0.0,10.31751531558166,0.24677300228308924,-0.0,0.0
710,711,-0.778923573423492,0.0,10.31751531558166,0.2466417723725483,-0.0,0.0
711,712,-0.778923573423492,0.0,10.31751531558166,0.24668796852770594,-0.0,0.0
712,713,-0.778923573423492,0.0,10.31751531558166,0.24474159158368697,-0.01,0.0
713,714,-0.778923573423492,0.0,10.31751531558166,0.2425748840066001,-0.02,0.0
714,715,-0.778923573423492,0.0,10.31751531558166,0.24252453073925112,-0.02,0.0
715,716,-0.778923573423492,0.0,10.31751531558166,0.24652453073925112,-0.0,-0.0
716,717,-0.778923573423492,0.0,10.31751531558166,0.24631435969692697,-0.0,-0.0
717,718,-0.778923573423492,0.0,10.31751531558166,0.24631435969692697,-0.0,-0.0
718,719,-0.778923573423492,0.0,10.31751531558166,0.2465053451344697,-0.0,-0.0
719,720,-0.778923573423492,0.0,10.31751531558166,0.24648058834597047,-0.0,-0.0
720,721,-0.778923573423492,0.0,10.31751531558166,0.2465885063456722,-0.0,-0.0
721,722,-0.778923573423492,0.0,10.31751531558166,0.2465885063456722,-0.0,-0.0
722,723,-0.778923573423492,0.0,10.31751531558166,0.24654622471726018,-0.0,-0.0
723,724,-0.778923573423492,0.0,10.31751531558166,0.24643412182114655,-0.0,-0.0
724,725,-0.778923573423492,0.0,10.31751531558166,0.24643412182114655,-0.0,-0.0
725,726,-0.778923573423492,0.0,10.31751531558166,0.24633655416251687,-0.0,-0.0
726,727,-0.778923573423492,0.0,10.31751531558166,0.24633655416251687,-0.0,-0.0
727,728,-0.778923573423492,0.0,10.31751531558166,0.24641499417798654,-0.0,-0.0
728,729,-0.778923573423492,0.0,10.31751531558166,0.24641307853390843,-0.0,-0.0
729,730,-0.778923573423492,0.0,10.31751531558166,0.2465058509412973,-0.0,-0.0
730,731,-0.778923573423492,0.0,10.31751531558166,0.2465159473091335,-0.0,-0.0
731,732,-0.778923573423492,0.0,10.31751531558166,0.24623317740919512,-0.0,-0.0
732,733,-0.778923573423492,0.0,10.31751531558166,0.24661488627833916,0.0,-0.0
733,734,-0.778923573423492,0.0,10.31751531558166,0.2504090752628254,0.01,-0.01
734,735,-0.778923573423492,0.0,10.31751531558166,0.2505173181331819,0.01,-0.01
735,736,-0.778923573423492,0.0,10.31751531558166,0.25063729910546984,0.01,-0.01
736,737,-0.778923573423492,0.0,10.31751531558166,0.24663729910546983,-0.0,-0.0
737,738,-0.778923573423492,0.0,10.31751531558166,0.24647288982267926,-0.0,-0.0
738,739,-0.778923573423492,0.0,10.31751531558166,0.24647288982267926,-0.0,-0.0
739,740,-0.778923573423492,0.0,10.31751531558166,0.24635893838325992,-0.0,-0.0
740,741,-0.778923573423492,0.0,10.31751531558166,0.2464076382316906,-0.0,-0.0
741,742,-0.778923573423492,0.0,10.31751531558166,0.2465643793300591,-0.0,-0.0
742,743,-0.778923573423492,0.0,10.31751531558166,0.24643861419970323,-0.0,-0.0
743,744,-0.778923573423492,0.0,10.31751531558166,0.2465580233887978,-0.0,-0.0
744,745,-0.778923573423492,0.0,10.31751531558166,0.24653877235728025,0.0,0.0
745,746,-0.778923573423492,0.0,10.31751531558166,0.24644459099087293,0.0,0.0
746,747,-0.778923573423492,0.0,10.31751531558166,0.24850622494736832,0.01,0.0
747,748,-0.778923573423492,0.0,10.31751531558166,0.2504043063171209,0.02,0.0
748,749,-0.778923573423492,0.0,10.31751531558166,0.25041486194566875,0.02,0.0
749,750,-0.778923573423492,0.0,10.31751531558166,0.2524916883747301,0.03,-0.0
750,751,-0.778923573423492,0.0,10.31751531558166,0.25453100835757553,0.04,-0.0
751,752,-0.778923573423492,0.0,10.31751531558166,0.25450731844052354,0.04,-0.0
752,753,-0.778923573423492,0.0,10.31751531558166,0.2545276024607263,0.04,-0.0
753,754,-0.778923573423492,0.0,10.31751531558166,0.2465276024607263,-0.0,-0.0
754,755,-0.778923573423492,0.0,10.31751531558166,0.2464425810210172,-0.0,-0.0
755,756,-0.778923573423492,0.0,10.31751531558166,0.2464425810210172,-0.0,-0.0
756,757,-0.778923573423492,0.0,10.31751531558166,0.24652150495174563,-0.0,-0.0
757,758,-0.778923573423492,0.0,10.31751531558166,0.24635978710485112,-0.0,-0.0
758,759,-0.778923573423492,0.0,10.31751531558166,0.24655439685340133,-0.0,-0.0
759,760,-0.778923573423492,0.0,10.31751531558166,0.24647033981078156,-0.0,-0.0
760,761,-0.778923573423492,0.0,10.31751531558166,0.24670068925424415,-0.0,-0.0
761,762,-0.778923573423492,0.0,10.31751531558166,0.24645221182648824,0.0,0.0
762,763,-0.778923573423492,0.0,10.31751531558166,0.24655898327343323,0.0,0.0
763,764,-0.778923573423492,0.0,10.31751531558166,0.24654605399382382,-0.0,-0.0
764,765,-0.778923573423492,0.0,10.31751531558166,0.2463670091275324,-0.01,-0.01
765,766,-0.778923573423492,0.0,10.31751531558166,0.24448716549662336,-0.02,-0.01
766,767,-0.778923573423492,0.0,10.31751531558166,0.246593204209235,-0.02,-0.02
767,768,-0.778923573423492,0.0,10.31751531558166,0.2445494042462355,-0.03,-0.02
768,769,-0.778923573423492,0.0,10.31751531558166,0.24444267384703328,-0.03,-0.02
769,770,-0.778923573423492,0.0,10.31751531558166,0.24644267384703328,-0.0,-0.0
770,771,-0.778923573423492,0.0,10.31751531558166,0.24641247450639467,-0.0,-0.0
771,772,-0.778923573423492,0.0,10.31751531558166,0.24641539444489355,-0.0,-0.0
772,773,-0.778923573423492,0.0,10.31751531558166,0.24636433465885357,-0.0,-0.0
773,774,-0.778923573423492,0.0,10.31751531558166,0.24624488873682696,-0.0,-0.0
774,775,-0.778923573423492,0.0,10.31751531558166,0.24639037366502967,-0.0,-0.0
775,776,-0.778923573423492,0.0,10.31751531558166,0.24646249212875948,0.0,0.0
776,777,-0.778923573423492,0.0,10.31751531558166,0.24646015522475279,0.01,0.01
777,778,-0.778923573423492,0.0,10.31751531558166,0.24646902726442127,0.01,0.01
778,779,-0.778923573423492,0.0,10.31751531558166,0.24642566357817622,0.01,0.01
779,780,-0.778923573423492,0.0,10.31751531558166,0.24634972609363825,0.01,0.01
780,781,-0.778923573423492,0.0,10.31751531558166,0.24634972609363825,-0.0,-0.0
781,782,-0.778923573423492,0.0,10.31751531558166,0.24650821955998042,-0.0,-0.0
782,783,-0.778923573423492,0.0,10.31751531558166,0.24650821955998042,-0.0,-0.0
783,784,-0.778923573423492,0.0,10.31751531558166,0.2465738358527077,-0.0,-0.0
784,785,-0.778923573423492,0.0,10.31751531558166,0.24653742039868712,-0.0,-0.0
785,786,-0.778923573423492,0.0,10.31751531558166,0.24647011154637422,-0.0,-0.0
786,787,-0.778923573423492,0.0,10.31751531558166,0.2464637907188847,-0.0,-0.0
787,788,-0.778923573423492,0.0,10.31751531558166,0.2464871868831504,-0.0,-0.0
788,789,-0.778923573423492,0.0,10.31751531558166,0.2464871868831504,-0.0,-0.0
789,790,-0.778923573423492,0.0,10.31751531558166,0.24630528670645957,-0.0,-0.0
790,791,-0.778923573423492,0.0,10.31751531558166,0.24636725615363883,-0.0,-0.0
791,792,-0.778923573423492,0.0,10.31751531558166,0.24636725615363883,-0.0,-0.0
792,793,-0.778923573423492,0.0,10.31751531558166,0.24645946660274184,-0.0,-0.0
793,794,-0.778923573423492,0.0,10.31751531558166,0.24645946660274184,-0.0,-0.0
794,795,-0.778923573423492,0.0,10.31751531558166,0.24658902481929698,-0.0,-0.0
795,796,-0.778923573423492,0.0,10.31751531558166,0.24629559692653138,-0.0,-0.0
796,797,-0.778923573423492,0.0,10.31751531558166,0.2464308717076222,-0.0,-0.0
797,798,-0.778923573423492,0.0,10.31751531558166,0.24643499321454046,-0.0,-0.0
798,799,-0.778923573423492,0.0,10.31751531558166,0.24648291993973712,-0.0,-0.0
799,800,-0.778923573423492,0.0,10.31751531558166,0.24651112573492256,-0.0,0.0
800,801,-0.778923573423492,0.0,10.31751531558166,0.24241537657596,-0.01,0.01
801,802,-0.778923573423492,0.0,10.31751531558166,0.2424335182578184,-0.01,0.01
802,803,-0.778923573423492,0.0,10.31751531558166,0.2403134019546866,-0.02,0.01
803,804,-0.778923573423492,0.0,10.31751531558166,0.2404986654691999,-0.02,0.01
804,805,-0.778923573423492,0.0,10.31751531558166,0.2464986654691999,-0.0,-0.0
805,806,-0.778923573423492,0.0,10.31751531558166,0.24640230053786133,-0.0,-0.0
806,807,-0.778923573423492,0.0,10.31751531558166,0.24640230053786133,-0.0,-0.0
807,808,-0.778923573423492,0.0,10.31751531558166,0.24652500415568587,-0.0,-0.0
808,809,-0.778923573423492,0.0,10.31751531558166,0.2463840093492091,-0.0,-0.0
809,810,-0.778923573423492,0.0,10.31751531558166,0.2464234700089792,-0.0,-0.0
810,811,-0.778923573423492,0.0,10.31751531558166,0.2462510948666405,-0.0,-0.0
811,812,-0.778923573423492,0.0,10.31751531558166,0.24649018083183066,-0.0,-0.0
812,813,-0.778923573423492,0.0,10.31751531558166,0.24639032358624824,0.0,-0.0
813,814,-0.778923573423492,0.0,10.31751531558166,0.24642997160794022,0.0,-0.0
814,815,-0.778923573423492,0.0,10.31751531558166,0.24634777363618782,0.0,-0.0
815,816,-0.778923573423492,0.0,10.31751531558166,0.24651136434095028,0.0,-0.0
816,817,-0.778923573423492,0.0,10.31751531558166,0.24629499030425825,0.0,-0.0
817,818,-0.778923573423492,0.0,10.31751531558166,0.24629499030425825,-0.0,-0.0
818,819,-0.778923573423492,0.0,10.31751531558166,0.2463697728289285,-0.0,-0.0
819,820,-0.778923573423492,0.0,10.31751531558166,0.2463697728289285,-0.0,-0.0
820,821,-0.778923573423492,0.0,10.31751531558166,0.24647763256903268,-0.0,-0.0
821,822,-0.778923573423492,0.0,10.31751531558166,0.24643341111500802,-0.0,-0.0
822,823,-0.778923573423492,0.0,10.31751531558166,0.24643288610917374,-0.0,-0.0
823,824,-0.778923573423492,0.0,10.31751531558166,0.24659055177343178,-0.0,-0.0
824,825,-0.778923573423492,0.0,10.31751531558166,0.24659393207491426,-0.0,-0.0
825,826,-0.778923573423492,0.0,10.31751531558166,0.24649897900466697,-0.0,-0.0
826,827,-0.778923573423492,0.0,10.31751531558166,0.24643491464742168,0.0,0.0
827,828,-0.778923573423492,0.0,10.31751531558166,0.2444360359931163,-0.0,0.01
828,829,-0.778923573423492,0.0,10.31751531558166,0.24445068425999378,-0.0,0.01
829,830,-0.778923573423492,0.0,10.31751531558166,0.24645068425999378,-0.0,-0.0
830,831,-0.778923573423492,0.0,10.31751531558166,0.24646639128132308,-0.0,-0.0
831,832,-0.778923573423492,0.0,10.31751531558166,0.24646639128132308,-0.0,-0.0
832,833,-0.778923573423492,0.0,10.31751531558166,0.24649424708703754,-0.0,-0.0
833,834,-0.778923573423492,0.0,10.31751531558166,0.24644336289184646,-0.0,-0.0
834,835,-0.778923573423492,0.0,10.31751531558166,0.24632309979134273,-0.0,-0.0
835,836,-0.778923573423492,0.0,10.31751531558166,0.24636352546428297,-0.0,-0.0
836,837,-0.778923573423492,0.0,10.31751531558166,0.24637328433231842,-0.0,-0.0
837,838,-0.778923573423492,0.0,10.31751531558166,0.24634242784840063,-0.0,0.0
838,839,-0.778923573423492,0.0,10.31751531558166,0.24434802441832373,-0.01,0.0
839,840,-0.778923573423492,0.0,10.31751531558166,0.24246227806952333,-0.01,0.01
840,841,-0.778923573423492,0.0,10.31751531558166,0.2424125459896359,-0.01,0.01
841,842,-0.778923573423492,0.0,10.31751531558166,0.24035830451074838,-0.02,0.01
842,843,-0.778923573423492,0.0,10.31751531558166,0.24034949323904484,-0.02,0.01
843,844,-0.778923573423492,0.0,10.31751531558166,0.24043478965381332,-0.02,0.01
844,845,-0.778923573423492,0.0,10.31751531558166,0.24643478965381332,-0.0,-0.0
845,846,-0.778923573423492,0.0,10.31751531558166,0.2464167917593805,-0.0,-0.0
846,847,-0.778923573423492,0.0,10.31751531558166,0.24634423736379912,-0.0,-0.0
847,848,-0.778923573423492,0.0,10.31751531558166,0.2464060402502993,-0.0,-0.0
848,849,-0.778923573423492,0.0,10.31751531558166,0.24637222484353716,-0.0,-0.0
849,850,-0.778923573423492,0.0,10.31751531558166,0.24641686680494354,-0.0,-0.0
850,851,-0.778923573423492,0.0,10.31751531558166,0.24619043692974268,-0.0,-0.0
851,852,-0.778923573423492,0.0,10.31751531558166,0.24834921022849119,-0.0,-0.01
852,853,-0.778923573423492,0.0,10.31751531558166,0.24840647639765046,-0.0,-0.01
853,854,-0.778923573423492,0.0,10.31751531558166,0.24849221581691766,-0.01,-0.02
854,855,-0.778923573423492,0.0,10.31751531558166,0.25041608775051005,-0.01,-0.03
855,856,-0.778923573423492,0.0,10.31751531558166,0.24838540111064278,-0.02,-0.03
856,857,-0.778923573423492,0.0,10.31751531558166,0.24841341807015094,-0.02,-0.03
857,858,-0.778923573423492,0.0,10.31751531558166,0.24818647311054942,-0.02,-0.03
858,859,-0.778923573423492,0.0,10.31751531558166,0.24618647311054942,-0.0,-0.0
859,860,-0.778923573423492,0.0,10.31751531558166,0.246246722675525,-0.0,-0.0
860,861,-0.778923573423492,0.0,10.31751531558166,0.246246722675525,-0.0,-0.0
861,862,-0.778923573423492,0.0,10.31751531558166,0.24629831399899418,-0.0,-0.0
862,863,-0.778923573423492,0.0,10.31751531558166,0.24634349923926893,-0.0,-0.0
863,864,-0.778923573423492,0.0,10.31751531558166,0.24631456415442168,-0.0,-0.0
864,865,-0.778923573423492,0.0,10.31751531558166,0.2462145066544612,-0.0,-0.0
865,866,-0.778923573423492,0.0,10.31751531558166,0.2462277408794324,-0.0,-0.0
866,867,-0.778923573423492,0.0,10.31751531558166,0.2462131421986447,-0.0,0.0
867,868,-0.778923573423492,0.0,10.31751531558166,0.24236567013568283,-0.01,0.01
868,869,-0.778923573423492,0.0,10.31751531558166,0.24210761864085098,-0.01,0.01
869,870,-0.778923573423492,0.0,10.31751531558166,0.24003403542755766,-0.01,0.02
870,871,-0.778923573423492,0.0,10.31751531558166,0.23827927806448368,-0.01,0.03
871,872,-0.778923573423492,0.0,10.31751531558166,0.238367463797049,-0.01,0.03
872,873,-0.778923573423492,0.0,10.31751531558166,0.24636746379704902,-0.0,-0.0
873,874,-0.778923573423492,0.0,10.31751531558166,0.2463879983991487,-0.0,-0.0
874,875,-0.778923573423492,0.0,10.31751531558166,0.2463879983991487,-0.0,-0.0
875,876,-0.778923573423492,0.0,10.31751531558166,0.24632574243103345,-0.0,-0.0
876,877,-0.778923573423492,0.0,10.31751531558166,0.2463548913745487,-0.0,-0.0
877,878,-0.778923573423492,0.0,10.31751531558166,0.24637222484353716,-0.0,-0.0
878,879,-0.778923573423492,0.0,10.31751531558166,0.24629991468454907,-0.0,-0.0
879,880,-0.778923573423492,0.0,10.31751531558166,0.24633794833609296,-0.0,-0.0
880,881,-0.778923573423492,0.0,10.31751531558166,0.24631620334625798,-0.0,-0.0
881,882,-0.778923573423492,0.0,10.31751531558166,0.2461492069046688,-0.0,-0.0
882,883,-0.778923573423492,0.0,10.31751531558166,0.2442880724260622,-0.01,-0.0
883,884,-0.778923573423492,0.0,10.31751531558166,0.24628410830977196,-0.01,-0.01
884,885,-0.778923573423492,0.0,10.31751531558166,0.242287544628408,-0.02,-0.0
885,886,-0.778923573423492,0.0,10.31751531558166,0.24218864607494145,-0.02,-0.0
886,887,-0.778923573423492,0.0,10.31751531558166,0.24418864607494145,-0.0,0.01
887,888,-0.778923573423492,0.0,10.31751531558166,0.2442443888773931,-0.0,0.01
888,889,-0.778923573423492,0.0,10.31751531558166,0.2202443888773931,-0.0,0.13
889,890,-0.778923573423492,0.0,10.31751531558166,0.22114944602195338,-0.0,0.13
890,891,-0.9014652003424724,0.06721973572367546,10.384735051305336,0.09271671096635187,0.0,0.89
891,892,-0.9014652003424724,0.0,10.384735051305336,0.09147745319279249,0.0,0.89
892,893,-0.9014652003424724,0.0,10.384735051305336,0.0694774531927925,0.0,1.0
893,894,-1.1202098969843584,0.006523813338786155,10.391258864644122,0.11313814026752561,0.0,1.0
894,895,-1.3452372917729059,-0.006465023867340491,10.384793840776782,0.1582334852121769,0.0,1.0
895,896,-1.3452372917729059,0.0,10.384793840776782,0.15383468329315292,0.0,1.0
896,897,-1.3452372917729059,0.0,10.384793840776782,0.29783468329315294,-0.0,0.28
897,898,-1.5415843693913043,0.017550385893272846,10.402344226670055,0.3368470788225136,-0.0,0.28
898,899,-1.7457393774375551,0.013439435361329188,10.415783662031384,0.38549202210545475,-0.0,0.24
899,900,-1.7457393774375551,0.0,10.415783662031384,0.38484786135538634,-0.0,0.24
900,901,-1.6860904134413035,0.0,10.415783662031384,0.420918068556136,-0.0,0.0
901,902,-1.9081337286133864,0.0029006776162692205,10.418684339647653,0.46528663698995804,-0.0,0.0
902,903,-1.9081337286133864,0.0,10.418684339647653,0.46532971783243227,-0.0,0.0
903,904,-1.941030058571083,0.0,10.418684339647653,0.4719089838239716,-0.0,0.0
904,905,-2.1675206571351815,0.005156636257725111,10.423840975905378,0.517059470237677,-0.0,0.0
905,906,-2.1675206571351815,0.0,10.423840975905378,0.517059470237677,-0.0,0.0
906,907,-2.3951738595673655,0.01799300590459474,10.441833981809973,0.5624183097038128,-0.0,0.0
907,908,-2.5737471760238337,0.020831363325951813,10.462665345135925,0.5978469573206046,-0.0,0.0
908,909,-2.5737471760238337,0.0,10.462665345135925,0.598044739914196,-0.0,0.0
909,910,-2.5737471760238337,0.0,10.462665345135925,0.598044739914196,-0.0,0.0
910,911,-2.789611385358986,0.008905789019014065,10.471571134154939,0.6409282259195624,-0.0,0.0
911,912,-2.789611385358986,0.0,10.471571134154939,0.6409282259195624,-0.0,0.0
912,913,-2.789611385358986,0.0,10.471571134154939,0.6411164569102202,-0.0,0.0
913,914,-2.789611385358986,0.0,10.471571134154939,0.6411164569102202,-0.0,0.0
914,915,-2.789611385358986,0.0,10.471571134154939,0.6409086410003649,-0.0,0.0
915,916,-2.789611385358986,0.0,10.471571134154939,0.6409818267080791,-0.0,0.0
916,917,-2.789611385358986,0.0,10.471571134154939,0.6410223636319093,-0.0,0.0
917,918,-2.789611385358986,0.0,10.471571134154939,0.6410822490422299,-0.0,0.0
918,919,-2.789611385358986,0.0,10.471571134154939,0.6411454426479432,-0.0,0.0
919,920,-2.789611385358986,0.0,10.471571134154939,0.6410024946780043,0.0,0.0
920,921,-2.789611385358986,0.0,10.471571134154939,0.6408806868639826,0.01,0.01
921,922,-2.789611385358986,0.0,10.471571134154939,0.6408504776595008,0.01,0.01
922,923,-2.789611385358986,0.0,10.471571134154939,0.6409941523630345,0.01,0.01
923,924,-2.789611385358986,0.0,10.471571134154939,0.6409717854471665,0.01,0.01
924,925,-2.789611385358986,0.0,10.471571134154939,0.6409717854471665,-0.0,0.0
925,926,-2.789611385358986,0.0,10.471571134154939,0.6408775802106639,-0.0,0.0
926,927,-2.789611385358986,0.0,10.471571134154939,0.6408775802106639,-0.0,0.0
927,928,-2.789611385358986,0.0,10.471571134154939,0.6409939020146787,-0.0,0.0
928,929,-2.789611385358986,0.0,10.471571134154939,0.641131374354206,-0.0,0.0
929,930,-2.789611385358986,0.0,10.471571134154939,0.6408248396123173,-0.0,0.0
930,931,-2.789611385358986,0.0,10.471571134154939,0.640844192735536,-0.0,0.0
931,932,-2.789611385358986,0.0,10.471571134154939,0.6411319329159864,-0.0,0.0
932,933,-2.789611385358986,0.0,10.471571134154939,0.640887778539334,0.0,0.0
933,934,-2.789611385358986,0.0,10.471571134154939,0.6427508797646829,0.01,0.0
934,935,-2.789611385358986,0.0,10.471571134154939,0.641038357960898,0.01,0.01
935,936,-2.789611385358986,0.0,10.471571134154939,0.6427447612111418,0.02,0.01
936,937,-2.789611385358986,0.0,10.471571134154939,0.6429158602560266,0.02,0.01
937,938,-2.789611385358986,0.0,10.471571134154939,0.6409158602560266,-0.0,0.0
938,939,-2.789611385358986,0.0,10.471571134154939,0.6408904900035279,-0.0,0.0
939,940,-2.789611385358986,0.0,10.471571134154939,0.6408904900035279,-0.0,0.0
940,941,-2.789611385358986,0.0,10.471571134154939,0.64070212760398,-0.0,0.0
941,942,-2.789611385358986,0.0,10.471571134154939,0.6410960306429639,-0.0,0.0
942,943,-2.789611385358986,0.0,10.471571134154939,0.6409415248063987,-0.0,0.0
943,944,-2.789611385358986,0.0,10.471571134154939,0.6409247823889132,-0.0,0.0
944,945,-2.789611385358986,0.0,10.471571134154939,0.6410673114781925,-0.0,0.0
945,946,-2.789611385358986,0.0,10.471571134154939,0.6411035147198059,-0.0,-0.0
946,947,-2.789611385358986,0.0,10.471571134154939,0.6408528412153877,-0.0,-0.0
947,948,-2.789611385358986,0.0,10.471571134154939,0.6409051562681993,-0.01,-0.01
948,949,-2.789611385358986,0.0,10.471571134154939,0.642947975354027,-0.01,-0.02
949,950,-2.789611385358986,0.0,10.471571134154939,0.643099144933677,-0.01,-0.02
950,951,-2.789611385358986,0.0,10.471571134154939,0.641099144933677,-0.0,0.0
951,952,-2.789611385358986,0.0,10.471571134154939,0.6410295470434232,-0.0,0.0
952,953,-2.789611385358986,0.0,10.471571134154939,0.6410295470434232,-0.0,0.0
953,954,-2.789611385358986,0.0,10.471571134154939,0.6408189444236377,-0.0,0.0
954,955,-2.789611385358986,0.0,10.471571134154939,0.6407407177599977,-0.0,0.0
955,956,-2.789611385358986,0.0,10.471571134154939,0.6407954998720011,-0.0,0.0
956,957,-2.789611385358986,0.0,10.471571134154939,0.6410333320885088,-0.0,0.0
957,958,-2.789611385358986,0.0,10.471571134154939,0.6409405302960911,-0.0,0.0
958,959,-2.789611385358986,0.0,10.471571134154939,0.6410871118336732,-0.0,-0.0
959,960,-2.789611385358986,0.0,10.471571134154939,0.6407590765099249,-0.0,-0.0
960,961,-2.789611385358986,0.0,10.471571134154939,0.6391794885335271,-0.01,-0.0
961,962,-2.789611385358986,0.0,10.471571134154939,0.6410750437785241,-0.01,-0.01
962,963,-2.789611385358986,0.0,10.471571134154939,0.6428742695610339,-0.01,-0.02
963,964,-2.789611385358986,0.0,10.471571134154939,0.6429381173910976,-0.01,-0.02
964,965,-2.789611385358986,0.0,10.471571134154939,0.6409381173910976,-0.0,0.0
965,966,-2.789611385358986,0.0,10.471571134154939,0.6409313057290229,-0.0,0.0
966,967,-2.789611385358986,0.0,10.471571134154939,0.6409313057290229,-0.0,0.0
967,968,-2.789611385358986,0.0,10.471571134154939,0.6410866341961011,-0.0,0.0
968,969,-2.789611385358986,0.0,10.471571134154939,0.6411150210751689,-0.0,0.0
969,970,-2.789611385358986,0.0,10.471571134154939,0.6409784497632622,-0.0,0.0
970,971,-2.789611385358986,0.0,10.471571134154939,0.6411041340081317,-0.0,0.0
971,972,-2.789611385358986,0.0,10.471571134154939,0.6411406150667941,-0.0,0.0
972,973,-2.789611385358986,0.0,10.471571134154939,0.6411676335154507,-0.0,0.0
973,974,-2.789611385358986,0.0,10.471571134154939,0.6410569885980818,-0.0,0.0
974,975,-2.789611385358986,0.0,10.471571134154939,0.6409702994878848,0.0,0.0
975,976,-2.789611385358986,0.0,10.471571134154939,0.6408650897068228,0.01,0.01
976,977,-2.789611385358986,0.0,10.471571134154939,0.6389567626498288,0.01,0.02
977,978,-2.789611385358986,0.0,10.471571134154939,0.638895492144732,0.01,0.02
978,979,-2.789611385358986,0.0,10.471571134154939,0.640895492144732,-0.0,0.0
979,980,-2.789611385358986,0.0,10.471571134154939,0.6412533790364966,-0.0,0.0
980,981,-2.789611385358986,0.0,10.471571134154939,0.6409644240467134,-0.0,0.0
981,982,-2.789611385358986,0.0,10.471571134154939,0.6411247825401888,-0.0,0.0
982,983,-2.789611385358986,0.0,10.471571134154939,0.6408859115587684,-0.0,0.0
983,984,-2.789611385358986,0.0,10.471571134154939,0.6409446248734079,-0.0,0.0
984,985,-2.789611385358986,0.0,10.471571134154939,0.6411494836467833,0.0,0.0
985,986,-2.789611385358986,0.0,10.471571134154939,0.6408644394695081,0.0,0.0
986,987,-2.789611385358986,0.0,10.471571134154939,0.6428439237861737,0.01,0.0
987,988,-2.789611385358986,0.0,10.471571134154939,0.6428532098266723,0.01,0.0
988,989,-2.789611385358986,0.0,10.471571134154939,0.643018969670802,0.01,0.0
989,990,-2.789611385358986,0.0,10.471571134154939,0.641018969670802,-0.0,0.0
990,991,-2.789611385358986,0.0,10.471571134154939,0.640815961661868,-0.0,0.0
991,992,-2.789611385358986,0.0,10.471571134154939,0.640815961661868,-0.0,0.0
992,993,-2.789611385358986,0.0,10.471571134154939,0.640844318533608,-0.0,0.0
993,994,-2.789611385358986,0.0,10.471571134154939,0.6408035932973631,-0.0,0.0
994,995,-2.789611385358986,0.0,10.471571134154939,0.6411450775999968,-0.0,0.0
995,996,-2.789611385358986,0.0,10.471571134154939,0.6409051605973092,-0.0,0.0
996,997,-2.789611385358986,0.0,10.471571134154939,0.6411710064295852,0.0,0.0
997,998,-2.789611385358986,0.0,10.471571134154939,0.6409237397347788,0.01,0.01
998,999,-2.789611385358986,0.0,10.471571134154939,0.6410424349382269,0.01,0.01
999,1000,-2.789611385358986,0.0,10.471571134154939,0.6429688091352683,0.02,0.01
